"participant_id","feedback_condition","pb_order_group","loop_index","loop_id","loop_type","function_class","pair_position","challenge_position","checkpoint","pleasure","arousal","dominance","confusion","frustration","boredom"
"P001","supportive",1,1,"P001:loop1","baseline","baseline",1,NA,"child_behavior",4,2,3,2,3,1
"P001","supportive",1,1,"P001:loop1","baseline","baseline",1,NA,"self_handling",4,2,2,2,3,1
"P001","supportive",1,1,"P001:loop1","baseline","baseline",1,NA,"post_feedback",4,2,2,2,3,1
"P001","supportive",1,2,"P001:loop2","challenging","NR",1,1,"child_behavior",0,2,0,3,3,2
"P001","supportive",1,2,"P001:loop2","challenging","NR",1,1,"self_handling",4,3,3,1,3,1
"P001","supportive",1,2,"P001:loop2","challenging","NR",1,1,"post_feedback",4,2,3,1,3,1
"P001","supportive",1,3,"P001:loop3","baseline","baseline",2,NA,"child_behavior",4,4,4,1,4,1
"P001","supportive",1,3,"P001:loop3","baseline","baseline",2,NA,"self_handling",4,4,4,1,4,1
"P001","supportive",1,3,"P001:loop3","baseline","baseline",2,NA,"post_feedback",4,4,4,1,4,1
"P001","supportive",1,4,"P001:loop4","challenging","PR",2,2,"child_behavior",-2,2,0,2,3,1
"P001","supportive",1,4,"P001:loop4","challenging","PR",2,2,"self_handling",1,2,1,2,3,1
"P001","supportive",1,4,"P001:loop4","challenging","PR",2,2,"post_feedback",2,2,2,1,3,1
"P001","supportive",1,5,"P001:loop5","baseline","baseline",3,NA,"child_behavior",4,4,4,1,4,1
"P001","supportive",1,5,"P001:loop5","baseline","baseline",3,NA,"self_handling",4,4,4,1,3,1
"P001","supportive",1,5,"P001:loop5","baseline","baseline",3,NA,"post_feedback",4,4,4,1,3,1
"P001","supportive",1,6,"P001:loop6","challenging","AR",3,3,"child_behavior",2,4,2,2,3,1
"P001","supportive",1,6,"P001:loop6","challenging","AR",3,3,"self_handling",4,4,4,1,4,1
"P001","supportive",1,6,"P001:loop6","challenging","AR",3,3,"post_feedback",4,4,4,1,3,1
"P002","neutral",1,1,"P002:loop1","baseline","baseline",1,NA,"child_behavior",0,0,0,3,1,1
"P002","neutral",1,1,"P002:loop1","baseline","baseline",1,NA,"self_handling",0,0,0,3,1,1
"P002","neutral",1,1,"P002:loop1","baseline","baseline",1,NA,"post_feedback",0,0,0,3,1,1
"P002","neutral",1,2,"P002:loop2","challenging","NR",1,1,"child_behavior",0,0,0,2,1,1
"P002","neutral",1,2,"P002:loop2","challenging","NR",1,1,"self_handling",0,0,0,2,1,1
"P002","neutral",1,2,"P002:loop2","challenging","NR",1,1,"post_feedback",0,0,0,3,2,1
"P002","neutral",1,3,"P002:loop3","baseline","baseline",2,NA,"child_behavior",0,0,0,1,1,1
"P002","neutral",1,3,"P002:loop3","baseline","baseline",2,NA,"self_handling",0,0,0,1,1,1
"P002","neutral",1,3,"P002:loop3","baseline","baseline",2,NA,"post_feedback",0,0,0,1,1,1
"P002","neutral",1,4,"P002:loop4","challenging","PR",2,2,"child_behavior",2,0,0,1,1,1
"P002","neutral",1,4,"P002:loop4","challenging","PR",2,2,"self_handling",0,0,0,1,1,1
"P002","neutral",1,4,"P002:loop4","challenging","PR",2,2,"post_feedback",0,0,0,1,1,1
"P002","neutral",1,5,"P002:loop5","baseline","baseline",3,NA,"child_behavior",0,0,0,1,1,1
"P002","neutral",1,5,"P002:loop5","baseline","baseline",3,NA,"self_handling",2,0,0,1,1,1
"P002","neutral",1,5,"P002:loop5","baseline","baseline",3,NA,"post_feedback",2,0,0,1,1,1
"P002","neutral",1,6,"P002:loop6","challenging","AR",3,3,"child_behavior",0,0,0,1,1,1
"P002","neutral",1,6,"P002:loop6","challenging","AR",3,3,"self_handling",2,0,0,2,1,1
"P002","neutral",1,6,"P002:loop6","challenging","AR",3,3,"post_feedback",-1,0,0,3,1,1
"P003","supportive",2,1,"P003:loop1","baseline","baseline",1,NA,"child_behavior",4,0,4,1,1,1
"P003","supportive",2,1,"P003:loop1","baseline","baseline",1,NA,"self_handling",4,0,0,1,1,1
"P003","supportive",2,1,"P003:loop1","baseline","baseline",1,NA,"post_feedback",4,0,4,1,1,1
"P003","supportive",2,2,"P003:loop2","challenging","AR",1,1,"child_behavior",4,0,2,3,1,1
"P003","supportive",2,2,"P003:loop2","challenging","AR",1,1,"self_handling",4,0,-2,2,1,1
"P003","supportive",2,2,"P003:loop2","challenging","AR",1,1,"post_feedback",4,0,0,1,1,1
"P003","supportive",2,3,"P003:loop3","baseline","baseline",2,NA,"child_behavior",4,0,0,1,1,1
"P003","supportive",2,3,"P003:loop3","baseline","baseline",2,NA,"self_handling",4,0,0,1,1,1
"P003","supportive",2,3,"P003:loop3","baseline","baseline",2,NA,"post_feedback",4,0,0,1,1,1
"P003","supportive",2,4,"P003:loop4","challenging","NR",2,2,"child_behavior",4,0,2,1,1,1
"P003","supportive",2,4,"P003:loop4","challenging","NR",2,2,"self_handling",4,0,2,1,1,1
"P003","supportive",2,4,"P003:loop4","challenging","NR",2,2,"post_feedback",4,-2,2,1,1,1
"P003","supportive",2,5,"P003:loop5","baseline","baseline",3,NA,"child_behavior",4,0,0,1,1,1
"P003","supportive",2,5,"P003:loop5","baseline","baseline",3,NA,"self_handling",4,0,2,1,1,1
"P003","supportive",2,5,"P003:loop5","baseline","baseline",3,NA,"post_feedback",4,0,0,1,1,1
"P003","supportive",2,6,"P003:loop6","challenging","PR",3,3,"child_behavior",4,0,2,1,1,1
"P003","supportive",2,6,"P003:loop6","challenging","PR",3,3,"self_handling",4,0,2,1,1,1
"P003","supportive",2,6,"P003:loop6","challenging","PR",3,3,"post_feedback",4,0,0,1,1,1
"P004","neutral",2,1,"P004:loop1","baseline","baseline",1,NA,"child_behavior",4,2,4,1,1,1
"P004","neutral",2,1,"P004:loop1","baseline","baseline",1,NA,"self_handling",4,0,4,1,1,1
"P004","neutral",2,1,"P004:loop1","baseline","baseline",1,NA,"post_feedback",4,2,2,1,1,1
"P004","neutral",2,2,"P004:loop2","challenging","AR",1,1,"child_behavior",4,2,2,1,1,1
"P004","neutral",2,2,"P004:loop2","challenging","AR",1,1,"self_handling",4,2,2,1,1,1
"P004","neutral",2,2,"P004:loop2","challenging","AR",1,1,"post_feedback",0,0,0,1,1,1
"P004","neutral",2,3,"P004:loop3","baseline","baseline",2,NA,"child_behavior",4,4,4,1,1,1
"P004","neutral",2,3,"P004:loop3","baseline","baseline",2,NA,"self_handling",4,4,4,1,1,1
"P004","neutral",2,3,"P004:loop3","baseline","baseline",2,NA,"post_feedback",4,2,4,1,1,1
"P004","neutral",2,4,"P004:loop4","challenging","NR",2,2,"child_behavior",0,0,0,1,2,1
"P004","neutral",2,4,"P004:loop4","challenging","NR",2,2,"self_handling",2,2,2,1,1,1
"P004","neutral",2,4,"P004:loop4","challenging","NR",2,2,"post_feedback",3,1,0,1,1,1
"P004","neutral",2,5,"P004:loop5","baseline","baseline",3,NA,"child_behavior",4,4,4,1,1,1
"P004","neutral",2,5,"P004:loop5","baseline","baseline",3,NA,"self_handling",4,4,4,1,1,1
"P004","neutral",2,5,"P004:loop5","baseline","baseline",3,NA,"post_feedback",4,3,4,1,1,1
"P004","neutral",2,6,"P004:loop6","challenging","PR",3,3,"child_behavior",0,0,2,1,1,1
"P004","neutral",2,6,"P004:loop6","challenging","PR",3,3,"self_handling",4,4,4,1,1,1
"P004","neutral",2,6,"P004:loop6","challenging","PR",3,3,"post_feedback",4,4,4,1,1,1
"P005","supportive",3,1,"P005:loop1","baseline","baseline",1,NA,"child_behavior",3,-3,3,3,1,2
"P005","supportive",3,1,"P005:loop1","baseline","baseline",1,NA,"self_handling",2,-3,1,2,1,2
"P005","supportive",3,1,"P005:loop1","baseline","baseline",1,NA,"post_feedback",3,-3,3,1,1,1
"P005","supportive",3,2,"P005:loop2","challenging","PR",1,1,"child_behavior",-2,2,0,1,3,1
"P005","supportive",3,2,"P005:loop2","challenging","PR",1,1,"self_handling",3,-1,3,1,2,1
"P005","supportive",3,2,"P005:loop2","challenging","PR",1,1,"post_feedback",3,-3,3,1,1,1
"P005","supportive",3,3,"P005:loop3","baseline","baseline",2,NA,"child_behavior",3,1,3,1,1,1
"P005","supportive",3,3,"P005:loop3","baseline","baseline",2,NA,"self_handling",3,1,3,1,1,1
"P005","supportive",3,3,"P005:loop3","baseline","baseline",2,NA,"post_feedback",3,-3,3,1,1,1
"P005","supportive",3,4,"P005:loop4","challenging","AR",2,2,"child_behavior",-1,-3,-1,3,2,1
"P005","supportive",3,4,"P005:loop4","challenging","AR",2,2,"self_handling",2,1,3,1,2,1
"P005","supportive",3,4,"P005:loop4","challenging","AR",2,2,"post_feedback",3,-3,3,1,1,1
"P005","supportive",3,5,"P005:loop5","baseline","baseline",3,NA,"child_behavior",4,0,4,1,1,1
"P005","supportive",3,5,"P005:loop5","baseline","baseline",3,NA,"self_handling",3,-3,4,1,1,1
"P005","supportive",3,5,"P005:loop5","baseline","baseline",3,NA,"post_feedback",4,-3,3,1,1,1
"P005","supportive",3,6,"P005:loop6","challenging","NR",3,3,"child_behavior",-3,1,1,3,2,1
"P005","supportive",3,6,"P005:loop6","challenging","NR",3,3,"self_handling",2,-1,1,3,2,1
"P005","supportive",3,6,"P005:loop6","challenging","NR",3,3,"post_feedback",3,-3,3,1,1,1
"P006","neutral",3,1,"P006:loop1","baseline","baseline",1,NA,"child_behavior",0,-2,0,1,1,1
"P006","neutral",3,1,"P006:loop1","baseline","baseline",1,NA,"self_handling",0,0,-1,2,1,2
"P006","neutral",3,1,"P006:loop1","baseline","baseline",1,NA,"post_feedback",0,-1,-1,2,1,1
"P006","neutral",3,2,"P006:loop2","challenging","PR",1,1,"child_behavior",1,-2,-3,2,2,1
"P006","neutral",3,2,"P006:loop2","challenging","PR",1,1,"self_handling",1,-3,-3,2,2,1
"P006","neutral",3,2,"P006:loop2","challenging","PR",1,1,"post_feedback",0,1,-1,2,2,1
"P006","neutral",3,3,"P006:loop3","baseline","baseline",2,NA,"child_behavior",2,1,2,1,1,3
"P006","neutral",3,3,"P006:loop3","baseline","baseline",2,NA,"self_handling",2,1,2,1,1,1
"P006","neutral",3,3,"P006:loop3","baseline","baseline",2,NA,"post_feedback",2,1,2,1,1,1
"P006","neutral",3,4,"P006:loop4","challenging","AR",2,2,"child_behavior",-1,1,-2,3,3,1
"P006","neutral",3,4,"P006:loop4","challenging","AR",2,2,"self_handling",-1,1,-2,3,2,1
"P006","neutral",3,4,"P006:loop4","challenging","AR",2,2,"post_feedback",-1,1,-2,3,2,1
"P006","neutral",3,5,"P006:loop5","baseline","baseline",3,NA,"child_behavior",2,1,2,1,1,1
"P006","neutral",3,5,"P006:loop5","baseline","baseline",3,NA,"self_handling",2,1,2,1,1,1
"P006","neutral",3,5,"P006:loop5","baseline","baseline",3,NA,"post_feedback",2,1,3,1,1,1
"P006","neutral",3,6,"P006:loop6","challenging","NR",3,3,"child_behavior",-3,3,-4,3,4,1
"P006","neutral",3,6,"P006:loop6","challenging","NR",3,3,"self_handling",1,-3,-3,3,4,1
"P006","neutral",3,6,"P006:loop6","challenging","NR",3,3,"post_feedback",2,2,0,2,1,1
"P007","supportive",1,1,"P007:loop1","baseline","baseline",1,NA,"child_behavior",2,-3,3,1,1,1
"P007","supportive",1,1,"P007:loop1","baseline","baseline",1,NA,"self_handling",3,-2,3,1,1,1
"P007","supportive",1,1,"P007:loop1","baseline","baseline",1,NA,"post_feedback",3,-3,3,2,1,1
"P007","supportive",1,2,"P007:loop2","challenging","NR",1,1,"child_behavior",1,-2,2,2,1,2
"P007","supportive",1,2,"P007:loop2","challenging","NR",1,1,"self_handling",2,-3,1,1,1,1
"P007","supportive",1,2,"P007:loop2","challenging","NR",1,1,"post_feedback",3,-3,3,1,1,1
"P007","supportive",1,3,"P007:loop3","baseline","baseline",2,NA,"child_behavior",4,-4,3,1,1,1
"P007","supportive",1,3,"P007:loop3","baseline","baseline",2,NA,"self_handling",4,-4,3,1,1,1
"P007","supportive",1,3,"P007:loop3","baseline","baseline",2,NA,"post_feedback",4,-4,4,1,1,1
"P007","supportive",1,4,"P007:loop4","challenging","PR",2,2,"child_behavior",4,-3,3,1,1,1
"P007","supportive",1,4,"P007:loop4","challenging","PR",2,2,"self_handling",4,-4,3,1,1,1
"P007","supportive",1,4,"P007:loop4","challenging","PR",2,2,"post_feedback",4,-4,3,1,1,1
"P007","supportive",1,5,"P007:loop5","baseline","baseline",3,NA,"child_behavior",4,-4,3,1,1,1
"P007","supportive",1,5,"P007:loop5","baseline","baseline",3,NA,"self_handling",4,-4,3,1,1,1
"P007","supportive",1,5,"P007:loop5","baseline","baseline",3,NA,"post_feedback",4,-4,4,1,1,1
"P007","supportive",1,6,"P007:loop6","challenging","AR",3,3,"child_behavior",2,-3,2,2,1,1
"P007","supportive",1,6,"P007:loop6","challenging","AR",3,3,"self_handling",3,-3,3,1,1,1
"P007","supportive",1,6,"P007:loop6","challenging","AR",3,3,"post_feedback",4,-4,4,1,1,1
"P008","neutral",1,1,"P008:loop1","baseline","baseline",1,NA,"child_behavior",0,0,0,1,1,1
"P008","neutral",1,1,"P008:loop1","baseline","baseline",1,NA,"self_handling",-1,0,0,1,1,1
"P008","neutral",1,1,"P008:loop1","baseline","baseline",1,NA,"post_feedback",0,0,0,1,1,1
"P008","neutral",1,2,"P008:loop2","challenging","NR",1,1,"child_behavior",0,0,0,3,3,1
"P008","neutral",1,2,"P008:loop2","challenging","NR",1,1,"self_handling",0,0,0,2,2,2
"P008","neutral",1,2,"P008:loop2","challenging","NR",1,1,"post_feedback",0,0,0,1,1,1
"P008","neutral",1,3,"P008:loop3","baseline","baseline",2,NA,"child_behavior",1,0,0,1,1,1
"P008","neutral",1,3,"P008:loop3","baseline","baseline",2,NA,"self_handling",0,0,0,1,1,1
"P008","neutral",1,3,"P008:loop3","baseline","baseline",2,NA,"post_feedback",0,0,0,1,1,1
"P008","neutral",1,4,"P008:loop4","challenging","PR",2,2,"child_behavior",-2,0,-1,1,3,1
"P008","neutral",1,4,"P008:loop4","challenging","PR",2,2,"self_handling",-2,0,0,3,2,1
"P008","neutral",1,4,"P008:loop4","challenging","PR",2,2,"post_feedback",-1,0,0,1,1,1
"P008","neutral",1,5,"P008:loop5","baseline","baseline",3,NA,"child_behavior",1,0,0,1,1,1
"P008","neutral",1,5,"P008:loop5","baseline","baseline",3,NA,"self_handling",0,0,0,1,1,1
"P008","neutral",1,5,"P008:loop5","baseline","baseline",3,NA,"post_feedback",2,0,0,1,1,1
"P008","neutral",1,6,"P008:loop6","challenging","AR",3,3,"child_behavior",-1,0,0,2,1,1
"P008","neutral",1,6,"P008:loop6","challenging","AR",3,3,"self_handling",0,1,0,2,2,1
"P008","neutral",1,6,"P008:loop6","challenging","AR",3,3,"post_feedback",2,0,0,1,1,1
"P009","supportive",2,1,"P009:loop1","baseline","baseline",1,NA,"child_behavior",0,-1,0,2,1,1
"P009","supportive",2,1,"P009:loop1","baseline","baseline",1,NA,"self_handling",-1,0,0,2,1,1
"P009","supportive",2,1,"P009:loop1","baseline","baseline",1,NA,"post_feedback",0,0,0,1,1,1
"P009","supportive",2,2,"P009:loop2","challenging","AR",1,1,"child_behavior",0,0,0,1,1,1
"P009","supportive",2,2,"P009:loop2","challenging","AR",1,1,"self_handling",0,0,0,1,1,1
"P009","supportive",2,2,"P009:loop2","challenging","AR",1,1,"post_feedback",0,0,0,1,1,1
"P009","supportive",2,3,"P009:loop3","baseline","baseline",2,NA,"child_behavior",0,0,0,1,1,1
"P009","supportive",2,3,"P009:loop3","baseline","baseline",2,NA,"self_handling",0,0,0,1,1,1
"P009","supportive",2,3,"P009:loop3","baseline","baseline",2,NA,"post_feedback",0,0,0,1,1,1
"P009","supportive",2,4,"P009:loop4","challenging","NR",2,2,"child_behavior",-1,0,0,1,1,1
"P009","supportive",2,4,"P009:loop4","challenging","NR",2,2,"self_handling",1,0,0,1,1,1
"P009","supportive",2,4,"P009:loop4","challenging","NR",2,2,"post_feedback",0,0,0,1,1,1
"P009","supportive",2,5,"P009:loop5","baseline","baseline",3,NA,"child_behavior",0,0,0,1,1,1
"P009","supportive",2,5,"P009:loop5","baseline","baseline",3,NA,"self_handling",0,0,0,1,1,1
"P009","supportive",2,5,"P009:loop5","baseline","baseline",3,NA,"post_feedback",0,0,0,1,1,1
"P009","supportive",2,6,"P009:loop6","challenging","PR",3,3,"child_behavior",0,0,0,1,1,1
"P009","supportive",2,6,"P009:loop6","challenging","PR",3,3,"self_handling",0,0,0,2,1,1
"P009","supportive",2,6,"P009:loop6","challenging","PR",3,3,"post_feedback",0,0,0,2,1,1
"P010","neutral",2,1,"P010:loop1","baseline","baseline",1,NA,"child_behavior",4,0,4,3,1,1
"P010","neutral",2,1,"P010:loop1","baseline","baseline",1,NA,"self_handling",4,4,0,3,1,1
"P010","neutral",2,1,"P010:loop1","baseline","baseline",1,NA,"post_feedback",4,4,4,2,1,1
"P010","neutral",2,2,"P010:loop2","challenging","AR",1,1,"child_behavior",4,4,0,4,1,1
"P010","neutral",2,2,"P010:loop2","challenging","AR",1,1,"self_handling",4,4,0,3,1,1
"P010","neutral",2,2,"P010:loop2","challenging","AR",1,1,"post_feedback",4,4,4,2,1,1
"P010","neutral",2,3,"P010:loop3","baseline","baseline",2,NA,"child_behavior",4,4,4,1,1,1
"P010","neutral",2,3,"P010:loop3","baseline","baseline",2,NA,"self_handling",4,4,4,1,1,1
"P010","neutral",2,3,"P010:loop3","baseline","baseline",2,NA,"post_feedback",4,4,4,1,1,1
"P010","neutral",2,4,"P010:loop4","challenging","NR",2,2,"child_behavior",4,4,0,5,3,1
"P010","neutral",2,4,"P010:loop4","challenging","NR",2,2,"self_handling",-2,2,-4,4,1,1
"P010","neutral",2,4,"P010:loop4","challenging","NR",2,2,"post_feedback",4,4,4,1,1,1
"P010","neutral",2,5,"P010:loop5","baseline","baseline",3,NA,"child_behavior",4,4,4,1,1,1
"P010","neutral",2,5,"P010:loop5","baseline","baseline",3,NA,"self_handling",4,4,4,1,1,1
"P010","neutral",2,5,"P010:loop5","baseline","baseline",3,NA,"post_feedback",4,4,4,1,1,1
"P010","neutral",2,6,"P010:loop6","challenging","PR",3,3,"child_behavior",4,2,0,1,1,1
"P010","neutral",2,6,"P010:loop6","challenging","PR",3,3,"self_handling",4,4,2,1,1,1
"P010","neutral",2,6,"P010:loop6","challenging","PR",3,3,"post_feedback",4,4,4,1,1,1
"P011","supportive",3,1,"P011:loop1","baseline","baseline",1,NA,"child_behavior",1,0,3,1,1,1
"P011","supportive",3,1,"P011:loop1","baseline","baseline",1,NA,"self_handling",2,1,3,1,1,1
"P011","supportive",3,1,"P011:loop1","baseline","baseline",1,NA,"post_feedback",2,-1,2,2,1,1
"P011","supportive",3,2,"P011:loop2","challenging","PR",1,1,"child_behavior",0,2,0,3,3,1
"P011","supportive",3,2,"P011:loop2","challenging","PR",1,1,"self_handling",1,2,1,3,3,1
"P011","supportive",3,2,"P011:loop2","challenging","PR",1,1,"post_feedback",3,-3,4,1,1,1
"P011","supportive",3,3,"P011:loop3","baseline","baseline",2,NA,"child_behavior",4,-3,4,1,1,1
"P011","supportive",3,3,"P011:loop3","baseline","baseline",2,NA,"self_handling",4,-1,4,1,1,1
"P011","supportive",3,3,"P011:loop3","baseline","baseline",2,NA,"post_feedback",4,-3,4,1,1,1
"P011","supportive",3,4,"P011:loop4","challenging","AR",2,2,"child_behavior",2,0,2,2,1,1
"P011","supportive",3,4,"P011:loop4","challenging","AR",2,2,"self_handling",3,-1,3,1,1,1
"P011","supportive",3,4,"P011:loop4","challenging","AR",2,2,"post_feedback",4,-4,4,1,1,1
"P011","supportive",3,5,"P011:loop5","baseline","baseline",3,NA,"child_behavior",4,-3,4,1,1,1
"P011","supportive",3,5,"P011:loop5","baseline","baseline",3,NA,"self_handling",4,-3,3,1,1,1
"P011","supportive",3,5,"P011:loop5","baseline","baseline",3,NA,"post_feedback",4,-4,4,1,1,1
"P011","supportive",3,6,"P011:loop6","challenging","NR",3,3,"child_behavior",-1,3,-1,4,3,1
"P011","supportive",3,6,"P011:loop6","challenging","NR",3,3,"self_handling",1,3,-1,4,4,1
"P011","supportive",3,6,"P011:loop6","challenging","NR",3,3,"post_feedback",2,-2,3,1,1,1
"P012","neutral",3,1,"P012:loop1","baseline","baseline",1,NA,"child_behavior",4,0,0,1,1,1
"P012","neutral",3,1,"P012:loop1","baseline","baseline",1,NA,"self_handling",4,0,0,1,1,1
"P012","neutral",3,1,"P012:loop1","baseline","baseline",1,NA,"post_feedback",0,0,0,1,1,1
"P012","neutral",3,2,"P012:loop2","challenging","PR",1,1,"child_behavior",2,2,0,3,1,1
"P012","neutral",3,2,"P012:loop2","challenging","PR",1,1,"self_handling",0,0,0,1,1,1
"P012","neutral",3,2,"P012:loop2","challenging","PR",1,1,"post_feedback",2,0,0,1,1,1
"P012","neutral",3,3,"P012:loop3","baseline","baseline",2,NA,"child_behavior",2,2,2,1,1,1
"P012","neutral",3,3,"P012:loop3","baseline","baseline",2,NA,"self_handling",0,2,0,1,1,1
"P012","neutral",3,3,"P012:loop3","baseline","baseline",2,NA,"post_feedback",2,1,1,1,1,1
"P012","neutral",3,4,"P012:loop4","challenging","AR",2,2,"child_behavior",4,3,2,1,1,1
"P012","neutral",3,4,"P012:loop4","challenging","AR",2,2,"self_handling",2,2,2,1,1,1
"P012","neutral",3,4,"P012:loop4","challenging","AR",2,2,"post_feedback",0,0,0,2,1,1
"P012","neutral",3,5,"P012:loop5","baseline","baseline",3,NA,"child_behavior",2,2,2,1,1,1
"P012","neutral",3,5,"P012:loop5","baseline","baseline",3,NA,"self_handling",2,2,2,1,1,1
"P012","neutral",3,5,"P012:loop5","baseline","baseline",3,NA,"post_feedback",2,2,2,1,1,1
"P012","neutral",3,6,"P012:loop6","challenging","NR",3,3,"child_behavior",0,0,0,1,1,1
"P012","neutral",3,6,"P012:loop6","challenging","NR",3,3,"self_handling",-1,0,-4,4,1,1
"P012","neutral",3,6,"P012:loop6","challenging","NR",3,3,"post_feedback",0,0,0,1,1,1
"P013","supportive",1,1,"P013:loop1","baseline","baseline",1,NA,"child_behavior",4,2,-2,1,1,1
"P013","supportive",1,1,"P013:loop1","baseline","baseline",1,NA,"self_handling",4,2,-2,1,1,1
"P013","supportive",1,1,"P013:loop1","baseline","baseline",1,NA,"post_feedback",2,2,-3,1,1,1
"P013","supportive",1,2,"P013:loop2","challenging","NR",1,1,"child_behavior",-2,4,-4,3,1,1
"P013","supportive",1,2,"P013:loop2","challenging","NR",1,1,"self_handling",4,4,1,2,1,1
"P013","supportive",1,2,"P013:loop2","challenging","NR",1,1,"post_feedback",2,2,-1,1,1,1
"P013","supportive",1,3,"P013:loop3","baseline","baseline",2,NA,"child_behavior",3,2,2,1,1,1
"P013","supportive",1,3,"P013:loop3","baseline","baseline",2,NA,"self_handling",4,3,2,1,1,1
"P013","supportive",1,3,"P013:loop3","baseline","baseline",2,NA,"post_feedback",3,1,-1,1,1,1
"P013","supportive",1,4,"P013:loop4","challenging","PR",2,2,"child_behavior",4,4,-2,2,1,1
"P013","supportive",1,4,"P013:loop4","challenging","PR",2,2,"self_handling",4,2,1,1,1,1
"P013","supportive",1,4,"P013:loop4","challenging","PR",2,2,"post_feedback",2,2,-2,1,1,2
"P013","supportive",1,5,"P013:loop5","baseline","baseline",3,NA,"child_behavior",2,2,1,1,1,1
"P013","supportive",1,5,"P013:loop5","baseline","baseline",3,NA,"self_handling",2,2,1,1,1,1
"P013","supportive",1,5,"P013:loop5","baseline","baseline",3,NA,"post_feedback",2,1,-2,1,1,2
"P013","supportive",1,6,"P013:loop6","challenging","AR",3,3,"child_behavior",2,2,-4,3,1,1
"P013","supportive",1,6,"P013:loop6","challenging","AR",3,3,"self_handling",2,2,2,1,1,1
"P013","supportive",1,6,"P013:loop6","challenging","AR",3,3,"post_feedback",2,2,-1,1,1,2
"P014","neutral",1,1,"P014:loop1","baseline","baseline",1,NA,"child_behavior",-1,0,-2,4,3,1
"P014","neutral",1,1,"P014:loop1","baseline","baseline",1,NA,"self_handling",0,0,-2,4,3,1
"P014","neutral",1,1,"P014:loop1","baseline","baseline",1,NA,"post_feedback",0,0,0,2,1,2
"P014","neutral",1,2,"P014:loop2","challenging","NR",1,1,"child_behavior",0,0,3,2,1,1
"P014","neutral",1,2,"P014:loop2","challenging","NR",1,1,"self_handling",2,2,2,2,1,1
"P014","neutral",1,2,"P014:loop2","challenging","NR",1,1,"post_feedback",0,0,2,1,1,1
"P014","neutral",1,3,"P014:loop3","baseline","baseline",2,NA,"child_behavior",0,0,0,1,1,1
"P014","neutral",1,3,"P014:loop3","baseline","baseline",2,NA,"self_handling",2,2,2,1,1,1
"P014","neutral",1,3,"P014:loop3","baseline","baseline",2,NA,"post_feedback",2,2,2,1,1,1
"P014","neutral",1,4,"P014:loop4","challenging","PR",2,2,"child_behavior",-1,1,-2,5,3,1
"P014","neutral",1,4,"P014:loop4","challenging","PR",2,2,"self_handling",1,-2,-2,2,2,1
"P014","neutral",1,4,"P014:loop4","challenging","PR",2,2,"post_feedback",-2,-1,-2,2,3,1
"P014","neutral",1,5,"P014:loop5","baseline","baseline",3,NA,"child_behavior",4,-4,4,1,1,1
"P014","neutral",1,5,"P014:loop5","baseline","baseline",3,NA,"self_handling",4,-3,4,1,1,1
"P014","neutral",1,5,"P014:loop5","baseline","baseline",3,NA,"post_feedback",4,-4,4,1,1,1
"P014","neutral",1,6,"P014:loop6","challenging","AR",3,3,"child_behavior",4,-4,4,1,1,1
"P014","neutral",1,6,"P014:loop6","challenging","AR",3,3,"self_handling",4,-4,4,1,1,1
"P014","neutral",1,6,"P014:loop6","challenging","AR",3,3,"post_feedback",4,-4,4,1,1,1
"P015","supportive",2,1,"P015:loop1","baseline","baseline",1,NA,"child_behavior",0,0,0,3,3,3
"P015","supportive",2,1,"P015:loop1","baseline","baseline",1,NA,"self_handling",0,0,0,3,3,3
"P015","supportive",2,1,"P015:loop1","baseline","baseline",1,NA,"post_feedback",-1,-1,-1,3,3,3
"P015","supportive",2,2,"P015:loop2","challenging","AR",1,1,"child_behavior",0,0,0,3,3,3
"P015","supportive",2,2,"P015:loop2","challenging","AR",1,1,"self_handling",0,0,0,4,3,3
"P015","supportive",2,2,"P015:loop2","challenging","AR",1,1,"post_feedback",0,0,0,3,3,3
"P015","supportive",2,3,"P015:loop3","baseline","baseline",2,NA,"child_behavior",0,0,0,3,3,3
"P015","supportive",2,3,"P015:loop3","baseline","baseline",2,NA,"self_handling",0,0,0,2,2,2
"P015","supportive",2,3,"P015:loop3","baseline","baseline",2,NA,"post_feedback",0,0,0,3,3,3
"P015","supportive",2,4,"P015:loop4","challenging","NR",2,2,"child_behavior",0,0,0,2,2,2
"P015","supportive",2,4,"P015:loop4","challenging","NR",2,2,"self_handling",0,0,0,2,2,2
"P015","supportive",2,4,"P015:loop4","challenging","NR",2,2,"post_feedback",0,0,0,3,3,3
"P015","supportive",2,5,"P015:loop5","baseline","baseline",3,NA,"child_behavior",0,0,0,3,3,3
"P015","supportive",2,5,"P015:loop5","baseline","baseline",3,NA,"self_handling",0,0,0,3,3,3
"P015","supportive",2,5,"P015:loop5","baseline","baseline",3,NA,"post_feedback",0,0,0,3,3,3
"P015","supportive",2,6,"P015:loop6","challenging","PR",3,3,"child_behavior",0,0,0,3,3,3
"P015","supportive",2,6,"P015:loop6","challenging","PR",3,3,"self_handling",0,0,0,3,3,3
"P015","supportive",2,6,"P015:loop6","challenging","PR",3,3,"post_feedback",0,0,0,3,3,3
"P016","neutral",2,1,"P016:loop1","baseline","baseline",1,NA,"child_behavior",2,2,0,2,2,1
"P016","neutral",2,1,"P016:loop1","baseline","baseline",1,NA,"self_handling",0,2,0,3,3,1
"P016","neutral",2,1,"P016:loop1","baseline","baseline",1,NA,"post_feedback",2,2,0,2,2,1
"P016","neutral",2,2,"P016:loop2","challenging","AR",1,1,"child_behavior",0,2,2,1,2,1
"P016","neutral",2,2,"P016:loop2","challenging","AR",1,1,"self_handling",2,2,2,2,2,1
"P016","neutral",2,2,"P016:loop2","challenging","AR",1,1,"post_feedback",2,2,2,2,2,1
"P016","neutral",2,3,"P016:loop3","baseline","baseline",2,NA,"child_behavior",2,0,2,1,2,1
"P016","neutral",2,3,"P016:loop3","baseline","baseline",2,NA,"self_handling",2,0,2,2,2,1
"P016","neutral",2,3,"P016:loop3","baseline","baseline",2,NA,"post_feedback",2,0,2,1,1,1
"P016","neutral",2,4,"P016:loop4","challenging","NR",2,2,"child_behavior",-2,2,4,2,2,1
"P016","neutral",2,4,"P016:loop4","challenging","NR",2,2,"self_handling",4,0,4,2,2,1
"P016","neutral",2,4,"P016:loop4","challenging","NR",2,2,"post_feedback",0,0,0,2,2,1
"P016","neutral",2,5,"P016:loop5","baseline","baseline",3,NA,"child_behavior",2,0,0,2,2,1
"P016","neutral",2,5,"P016:loop5","baseline","baseline",3,NA,"self_handling",2,0,2,2,2,1
"P016","neutral",2,5,"P016:loop5","baseline","baseline",3,NA,"post_feedback",2,0,2,1,1,1
"P016","neutral",2,6,"P016:loop6","challenging","PR",3,3,"child_behavior",0,2,2,2,2,1
"P016","neutral",2,6,"P016:loop6","challenging","PR",3,3,"self_handling",4,0,4,2,1,1
"P016","neutral",2,6,"P016:loop6","challenging","PR",3,3,"post_feedback",4,0,4,1,1,1
"P017","supportive",3,1,"P017:loop1","baseline","baseline",1,NA,"child_behavior",2,2,2,2,1,1
"P017","supportive",3,1,"P017:loop1","baseline","baseline",1,NA,"self_handling",4,4,4,2,1,1
"P017","supportive",3,1,"P017:loop1","baseline","baseline",1,NA,"post_feedback",4,4,4,1,1,1
"P017","supportive",3,2,"P017:loop2","challenging","PR",1,1,"child_behavior",0,2,2,1,1,1
"P017","supportive",3,2,"P017:loop2","challenging","PR",1,1,"self_handling",4,4,2,2,1,1
"P017","supportive",3,2,"P017:loop2","challenging","PR",1,1,"post_feedback",4,4,4,1,1,1
"P017","supportive",3,3,"P017:loop3","baseline","baseline",2,NA,"child_behavior",4,4,4,1,1,1
"P017","supportive",3,3,"P017:loop3","baseline","baseline",2,NA,"self_handling",4,4,4,1,1,1
"P017","supportive",3,3,"P017:loop3","baseline","baseline",2,NA,"post_feedback",4,4,4,1,1,1
"P017","supportive",3,4,"P017:loop4","challenging","AR",2,2,"child_behavior",2,4,4,1,1,1
"P017","supportive",3,4,"P017:loop4","challenging","AR",2,2,"self_handling",4,4,4,1,1,1
"P017","supportive",3,4,"P017:loop4","challenging","AR",2,2,"post_feedback",4,4,4,1,1,1
"P017","supportive",3,5,"P017:loop5","baseline","baseline",3,NA,"child_behavior",4,2,4,1,1,1
"P017","supportive",3,5,"P017:loop5","baseline","baseline",3,NA,"self_handling",4,4,4,1,1,1
"P017","supportive",3,5,"P017:loop5","baseline","baseline",3,NA,"post_feedback",1,2,4,1,1,1
"P017","supportive",3,6,"P017:loop6","challenging","NR",3,3,"child_behavior",4,4,4,1,1,2
"P017","supportive",3,6,"P017:loop6","challenging","NR",3,3,"self_handling",4,4,4,1,1,1
"P017","supportive",3,6,"P017:loop6","challenging","NR",3,3,"post_feedback",4,4,4,1,1,1
"P018","neutral",3,1,"P018:loop1","baseline","baseline",1,NA,"child_behavior",0,1,0,2,1,1
"P018","neutral",3,1,"P018:loop1","baseline","baseline",1,NA,"self_handling",0,1,0,2,1,1
"P018","neutral",3,1,"P018:loop1","baseline","baseline",1,NA,"post_feedback",1,1,0,1,1,1
"P018","neutral",3,2,"P018:loop2","challenging","PR",1,1,"child_behavior",1,2,1,1,1,1
"P018","neutral",3,2,"P018:loop2","challenging","PR",1,1,"self_handling",0,1,0,1,1,1
"P018","neutral",3,2,"P018:loop2","challenging","PR",1,1,"post_feedback",1,1,0,1,1,1
"P018","neutral",3,3,"P018:loop3","baseline","baseline",2,NA,"child_behavior",2,1,0,1,1,1
"P018","neutral",3,3,"P018:loop3","baseline","baseline",2,NA,"self_handling",2,1,0,1,1,1
"P018","neutral",3,3,"P018:loop3","baseline","baseline",2,NA,"post_feedback",1,1,0,1,1,1
"P018","neutral",3,4,"P018:loop4","challenging","AR",2,2,"child_behavior",2,1,0,1,1,1
"P018","neutral",3,4,"P018:loop4","challenging","AR",2,2,"self_handling",1,1,0,1,1,1
"P018","neutral",3,4,"P018:loop4","challenging","AR",2,2,"post_feedback",1,1,0,1,1,1
"P018","neutral",3,5,"P018:loop5","baseline","baseline",3,NA,"child_behavior",1,1,1,1,1,1
"P018","neutral",3,5,"P018:loop5","baseline","baseline",3,NA,"self_handling",1,1,0,1,1,1
"P018","neutral",3,5,"P018:loop5","baseline","baseline",3,NA,"post_feedback",1,1,0,1,1,1
"P018","neutral",3,6,"P018:loop6","challenging","NR",3,3,"child_behavior",1,1,0,1,1,1
"P018","neutral",3,6,"P018:loop6","challenging","NR",3,3,"self_handling",1,1,0,1,1,1
"P018","neutral",3,6,"P018:loop6","challenging","NR",3,3,"post_feedback",1,1,0,1,1,1
"P019","supportive",1,1,"P019:loop1","baseline","baseline",1,NA,"child_behavior",0,0,0,1,1,2
"P019","supportive",1,1,"P019:loop1","baseline","baseline",1,NA,"self_handling",0,0,0,2,1,2
"P019","supportive",1,1,"P019:loop1","baseline","baseline",1,NA,"post_feedback",0,0,0,2,1,2
"P019","supportive",1,2,"P019:loop2","challenging","NR",1,1,"child_behavior",-2,0,0,2,1,3
"P019","supportive",1,2,"P019:loop2","challenging","NR",1,1,"self_handling",2,0,2,2,1,3
"P019","supportive",1,2,"P019:loop2","challenging","NR",1,1,"post_feedback",0,0,0,1,1,2
"P019","supportive",1,3,"P019:loop3","baseline","baseline",2,NA,"child_behavior",0,0,0,1,1,1
"P019","supportive",1,3,"P019:loop3","baseline","baseline",2,NA,"self_handling",2,2,4,1,1,1
"P019","supportive",1,3,"P019:loop3","baseline","baseline",2,NA,"post_feedback",0,0,0,1,1,1
"P019","supportive",1,4,"P019:loop4","challenging","PR",2,2,"child_behavior",0,0,0,1,1,1
"P019","supportive",1,4,"P019:loop4","challenging","PR",2,2,"self_handling",0,0,0,1,1,1
"P019","supportive",1,4,"P019:loop4","challenging","PR",2,2,"post_feedback",0,0,0,1,1,1
"P019","supportive",1,5,"P019:loop5","baseline","baseline",3,NA,"child_behavior",0,0,0,1,1,1
"P019","supportive",1,5,"P019:loop5","baseline","baseline",3,NA,"self_handling",2,0,4,1,1,1
"P019","supportive",1,5,"P019:loop5","baseline","baseline",3,NA,"post_feedback",0,0,0,1,1,1
"P019","supportive",1,6,"P019:loop6","challenging","AR",3,3,"child_behavior",0,0,2,1,1,1
"P019","supportive",1,6,"P019:loop6","challenging","AR",3,3,"self_handling",4,4,4,1,1,1
"P019","supportive",1,6,"P019:loop6","challenging","AR",3,3,"post_feedback",0,0,0,1,1,1
"P020","neutral",1,1,"P020:loop1","baseline","baseline",1,NA,"child_behavior",4,-4,4,1,1,1
"P020","neutral",1,1,"P020:loop1","baseline","baseline",1,NA,"self_handling",4,-4,4,1,1,1
"P020","neutral",1,1,"P020:loop1","baseline","baseline",1,NA,"post_feedback",4,-4,0,1,1,1
"P020","neutral",1,2,"P020:loop2","challenging","NR",1,1,"child_behavior",-4,4,1,2,1,1
"P020","neutral",1,2,"P020:loop2","challenging","NR",1,1,"self_handling",3,0,2,3,1,1
"P020","neutral",1,2,"P020:loop2","challenging","NR",1,1,"post_feedback",4,-4,0,2,1,1
"P020","neutral",1,3,"P020:loop3","baseline","baseline",2,NA,"child_behavior",4,-4,4,1,1,1
"P020","neutral",1,3,"P020:loop3","baseline","baseline",2,NA,"self_handling",4,-4,4,1,1,1
"P020","neutral",1,3,"P020:loop3","baseline","baseline",2,NA,"post_feedback",4,-4,0,1,1,1
"P020","neutral",1,4,"P020:loop4","challenging","PR",2,2,"child_behavior",3,-4,3,1,1,1
"P020","neutral",1,4,"P020:loop4","challenging","PR",2,2,"self_handling",4,-2,4,1,1,1
"P020","neutral",1,4,"P020:loop4","challenging","PR",2,2,"post_feedback",4,-4,0,1,1,1
"P020","neutral",1,5,"P020:loop5","baseline","baseline",3,NA,"child_behavior",4,-4,4,1,1,1
"P020","neutral",1,5,"P020:loop5","baseline","baseline",3,NA,"self_handling",4,-4,4,1,1,1
"P020","neutral",1,5,"P020:loop5","baseline","baseline",3,NA,"post_feedback",4,-4,0,1,1,1
"P020","neutral",1,6,"P020:loop6","challenging","AR",3,3,"child_behavior",4,0,4,1,1,1
"P020","neutral",1,6,"P020:loop6","challenging","AR",3,3,"self_handling",4,-2,4,1,1,1
"P020","neutral",1,6,"P020:loop6","challenging","AR",3,3,"post_feedback",4,-4,0,1,1,1
"P021","supportive",2,1,"P021:loop1","baseline","baseline",1,NA,"child_behavior",0,0,0,1,1,1
"P021","supportive",2,1,"P021:loop1","baseline","baseline",1,NA,"self_handling",0,0,0,1,1,1
"P021","supportive",2,1,"P021:loop1","baseline","baseline",1,NA,"post_feedback",0,0,0,1,1,1
"P021","supportive",2,2,"P021:loop2","challenging","AR",1,1,"child_behavior",0,0,0,2,1,1
"P021","supportive",2,2,"P021:loop2","challenging","AR",1,1,"self_handling",0,0,0,2,1,1
"P021","supportive",2,2,"P021:loop2","challenging","AR",1,1,"post_feedback",0,0,0,1,1,1
"P021","supportive",2,3,"P021:loop3","baseline","baseline",2,NA,"child_behavior",0,0,0,2,1,1
"P021","supportive",2,3,"P021:loop3","baseline","baseline",2,NA,"self_handling",0,0,0,2,1,1
"P021","supportive",2,3,"P021:loop3","baseline","baseline",2,NA,"post_feedback",0,0,0,1,1,1
"P021","supportive",2,4,"P021:loop4","challenging","NR",2,2,"child_behavior",-2,0,0,1,1,1
"P021","supportive",2,4,"P021:loop4","challenging","NR",2,2,"self_handling",4,0,0,1,1,1
"P021","supportive",2,4,"P021:loop4","challenging","NR",2,2,"post_feedback",0,0,0,1,1,1
"P021","supportive",2,5,"P021:loop5","baseline","baseline",3,NA,"child_behavior",2,-2,0,1,1,1
"P021","supportive",2,5,"P021:loop5","baseline","baseline",3,NA,"self_handling",0,0,0,1,1,1
"P021","supportive",2,5,"P021:loop5","baseline","baseline",3,NA,"post_feedback",0,0,0,1,1,1
"P021","supportive",2,6,"P021:loop6","challenging","PR",3,3,"child_behavior",-2,0,0,1,1,1
"P021","supportive",2,6,"P021:loop6","challenging","PR",3,3,"self_handling",2,0,2,1,1,1
"P021","supportive",2,6,"P021:loop6","challenging","PR",3,3,"post_feedback",0,0,0,1,1,1
"P023","supportive",3,1,"P023:loop1","baseline","baseline",1,NA,"child_behavior",0,1,0,3,2,1
"P023","supportive",3,1,"P023:loop1","baseline","baseline",1,NA,"self_handling",-1,1,-1,4,2,1
"P023","supportive",3,1,"P023:loop1","baseline","baseline",1,NA,"post_feedback",0,1,0,3,1,1
"P023","supportive",3,2,"P023:loop2","challenging","PR",1,1,"child_behavior",1,2,1,3,1,1
"P023","supportive",3,2,"P023:loop2","challenging","PR",1,1,"self_handling",1,1,1,3,1,1
"P023","supportive",3,2,"P023:loop2","challenging","PR",1,1,"post_feedback",1,1,1,3,1,1
"P023","supportive",3,3,"P023:loop3","baseline","baseline",2,NA,"child_behavior",4,2,4,1,1,1
"P023","supportive",3,3,"P023:loop3","baseline","baseline",2,NA,"self_handling",2,2,2,1,1,1
"P023","supportive",3,3,"P023:loop3","baseline","baseline",2,NA,"post_feedback",2,2,2,1,1,1
"P023","supportive",3,4,"P023:loop4","challenging","AR",2,2,"child_behavior",1,1,1,4,2,1
"P023","supportive",3,4,"P023:loop4","challenging","AR",2,2,"self_handling",0,1,-1,4,2,2
"P023","supportive",3,4,"P023:loop4","challenging","AR",2,2,"post_feedback",1,1,1,2,1,1
"P023","supportive",3,5,"P023:loop5","baseline","baseline",3,NA,"child_behavior",3,3,3,1,1,1
"P023","supportive",3,5,"P023:loop5","baseline","baseline",3,NA,"self_handling",2,2,2,1,1,1
"P023","supportive",3,5,"P023:loop5","baseline","baseline",3,NA,"post_feedback",2,2,2,2,1,1
"P023","supportive",3,6,"P023:loop6","challenging","NR",3,3,"child_behavior",-2,1,0,2,2,1
"P023","supportive",3,6,"P023:loop6","challenging","NR",3,3,"self_handling",1,0,1,2,2,1
"P023","supportive",3,6,"P023:loop6","challenging","NR",3,3,"post_feedback",2,2,1,2,1,1
"P024","neutral",3,1,"P024:loop1","baseline","baseline",1,NA,"child_behavior",0,0,2,3,1,2
"P024","neutral",3,1,"P024:loop1","baseline","baseline",1,NA,"self_handling",2,0,0,3,1,2
"P024","neutral",3,1,"P024:loop1","baseline","baseline",1,NA,"post_feedback",0,0,0,3,1,2
"P024","neutral",3,2,"P024:loop2","challenging","PR",1,1,"child_behavior",0,2,0,3,1,1
"P024","neutral",3,2,"P024:loop2","challenging","PR",1,1,"self_handling",0,0,0,3,1,1
"P024","neutral",3,2,"P024:loop2","challenging","PR",1,1,"post_feedback",0,0,0,3,1,2
"P024","neutral",3,3,"P024:loop3","baseline","baseline",2,NA,"child_behavior",0,0,2,2,1,2
"P024","neutral",3,3,"P024:loop3","baseline","baseline",2,NA,"self_handling",2,0,2,2,1,2
"P024","neutral",3,3,"P024:loop3","baseline","baseline",2,NA,"post_feedback",0,0,2,2,1,2
"P024","neutral",3,4,"P024:loop4","challenging","AR",2,2,"child_behavior",2,2,2,3,1,1
"P024","neutral",3,4,"P024:loop4","challenging","AR",2,2,"self_handling",0,0,0,3,1,1
"P024","neutral",3,4,"P024:loop4","challenging","AR",2,2,"post_feedback",2,2,0,3,1,1
"P024","neutral",3,5,"P024:loop5","baseline","baseline",3,NA,"child_behavior",2,2,2,1,1,1
"P024","neutral",3,5,"P024:loop5","baseline","baseline",3,NA,"self_handling",2,2,2,1,1,1
"P024","neutral",3,5,"P024:loop5","baseline","baseline",3,NA,"post_feedback",2,2,2,1,1,1
"P024","neutral",3,6,"P024:loop6","challenging","NR",3,3,"child_behavior",2,2,2,2,1,1
"P024","neutral",3,6,"P024:loop6","challenging","NR",3,3,"self_handling",2,2,2,2,1,1
"P024","neutral",3,6,"P024:loop6","challenging","NR",3,3,"post_feedback",2,2,2,1,1,1
"P025","supportive",1,1,"P025:loop1","baseline","baseline",1,NA,"child_behavior",2,2,2,1,1,1
"P025","supportive",1,1,"P025:loop1","baseline","baseline",1,NA,"self_handling",2,2,0,1,1,1
"P025","supportive",1,1,"P025:loop1","baseline","baseline",1,NA,"post_feedback",2,2,0,1,1,1
"P025","supportive",1,2,"P025:loop2","challenging","NR",1,1,"child_behavior",1,2,-1,2,1,1
"P025","supportive",1,2,"P025:loop2","challenging","NR",1,1,"self_handling",2,2,0,2,1,1
"P025","supportive",1,2,"P025:loop2","challenging","NR",1,1,"post_feedback",2,2,0,1,1,1
"P025","supportive",1,3,"P025:loop3","baseline","baseline",2,NA,"child_behavior",2,2,2,2,1,1
"P025","supportive",1,3,"P025:loop3","baseline","baseline",2,NA,"self_handling",1,2,0,2,1,1
"P025","supportive",1,3,"P025:loop3","baseline","baseline",2,NA,"post_feedback",2,2,2,1,1,1
"P025","supportive",1,4,"P025:loop4","challenging","PR",2,2,"child_behavior",0,2,0,1,1,1
"P025","supportive",1,4,"P025:loop4","challenging","PR",2,2,"self_handling",2,2,2,1,1,1
"P025","supportive",1,4,"P025:loop4","challenging","PR",2,2,"post_feedback",2,2,2,1,1,1
"P025","supportive",1,5,"P025:loop5","baseline","baseline",3,NA,"child_behavior",2,2,2,1,1,1
"P025","supportive",1,5,"P025:loop5","baseline","baseline",3,NA,"self_handling",2,2,2,1,1,1
"P025","supportive",1,5,"P025:loop5","baseline","baseline",3,NA,"post_feedback",2,2,2,1,1,1
"P025","supportive",1,6,"P025:loop6","challenging","AR",3,3,"child_behavior",0,2,0,2,1,1
"P025","supportive",1,6,"P025:loop6","challenging","AR",3,3,"self_handling",2,2,1,1,1,1
"P025","supportive",1,6,"P025:loop6","challenging","AR",3,3,"post_feedback",2,2,2,1,1,1
"P026","neutral",1,1,"P026:loop1","baseline","baseline",1,NA,"child_behavior",1,-3,1,1,1,1
"P026","neutral",1,1,"P026:loop1","baseline","baseline",1,NA,"self_handling",2,-3,1,1,1,1
"P026","neutral",1,1,"P026:loop1","baseline","baseline",1,NA,"post_feedback",2,-3,2,1,1,1
"P026","neutral",1,2,"P026:loop2","challenging","NR",1,1,"child_behavior",2,-3,2,3,3,1
"P026","neutral",1,2,"P026:loop2","challenging","NR",1,1,"self_handling",2,-3,3,3,3,1
"P026","neutral",1,2,"P026:loop2","challenging","NR",1,1,"post_feedback",1,-3,-1,3,3,1
"P026","neutral",1,3,"P026:loop3","baseline","baseline",2,NA,"child_behavior",3,-3,4,2,1,1
"P026","neutral",1,3,"P026:loop3","baseline","baseline",2,NA,"self_handling",2,-2,2,1,1,1
"P026","neutral",1,3,"P026:loop3","baseline","baseline",2,NA,"post_feedback",2,-4,1,2,2,1
"P026","neutral",1,4,"P026:loop4","challenging","PR",2,2,"child_behavior",0,-4,1,3,3,1
"P026","neutral",1,4,"P026:loop4","challenging","PR",2,2,"self_handling",1,-3,1,2,2,1
"P026","neutral",1,4,"P026:loop4","challenging","PR",2,2,"post_feedback",3,0,3,1,1,1
"P026","neutral",1,5,"P026:loop5","baseline","baseline",3,NA,"child_behavior",3,1,2,1,1,1
"P026","neutral",1,5,"P026:loop5","baseline","baseline",3,NA,"self_handling",3,-3,3,1,1,1
"P026","neutral",1,5,"P026:loop5","baseline","baseline",3,NA,"post_feedback",3,2,3,1,1,1
"P026","neutral",1,6,"P026:loop6","challenging","AR",3,3,"child_behavior",3,3,0,3,3,1
"P026","neutral",1,6,"P026:loop6","challenging","AR",3,3,"self_handling",1,-3,0,2,2,1
"P026","neutral",1,6,"P026:loop6","challenging","AR",3,3,"post_feedback",2,-2,1,2,2,1
"P027","supportive",2,1,"P027:loop1","baseline","baseline",1,NA,"child_behavior",4,1,2,1,1,2
"P027","supportive",2,1,"P027:loop1","baseline","baseline",1,NA,"self_handling",4,4,4,1,1,1
"P027","supportive",2,1,"P027:loop1","baseline","baseline",1,NA,"post_feedback",3,3,3,1,1,1
"P027","supportive",2,2,"P027:loop2","challenging","AR",1,1,"child_behavior",1,1,-1,3,1,1
"P027","supportive",2,2,"P027:loop2","challenging","AR",1,1,"self_handling",1,1,1,3,1,1
"P027","supportive",2,2,"P027:loop2","challenging","AR",1,1,"post_feedback",2,2,2,1,1,1
"P027","supportive",2,3,"P027:loop3","baseline","baseline",2,NA,"child_behavior",4,4,4,1,1,1
"P027","supportive",2,3,"P027:loop3","baseline","baseline",2,NA,"self_handling",4,4,4,1,1,1
"P027","supportive",2,3,"P027:loop3","baseline","baseline",2,NA,"post_feedback",4,4,4,1,1,1
"P027","supportive",2,4,"P027:loop4","challenging","NR",2,2,"child_behavior",1,2,1,2,1,1
"P027","supportive",2,4,"P027:loop4","challenging","NR",2,2,"self_handling",4,4,3,1,1,1
"P027","supportive",2,4,"P027:loop4","challenging","NR",2,2,"post_feedback",4,4,4,1,1,1
"P027","supportive",2,5,"P027:loop5","baseline","baseline",3,NA,"child_behavior",4,4,4,1,1,1
"P027","supportive",2,5,"P027:loop5","baseline","baseline",3,NA,"self_handling",4,4,4,1,1,1
"P027","supportive",2,5,"P027:loop5","baseline","baseline",3,NA,"post_feedback",4,4,4,1,1,1
"P027","supportive",2,6,"P027:loop6","challenging","PR",3,3,"child_behavior",1,3,0,3,1,1
"P027","supportive",2,6,"P027:loop6","challenging","PR",3,3,"self_handling",0,0,0,3,1,1
"P027","supportive",2,6,"P027:loop6","challenging","PR",3,3,"post_feedback",4,4,4,1,1,1
"P028","neutral",2,1,"P028:loop1","baseline","baseline",1,NA,"child_behavior",0,0,0,4,2,1
"P028","neutral",2,1,"P028:loop1","baseline","baseline",1,NA,"self_handling",-2,0,0,4,2,1
"P028","neutral",2,1,"P028:loop1","baseline","baseline",1,NA,"post_feedback",4,-2,0,1,1,1
"P028","neutral",2,2,"P028:loop2","challenging","AR",1,1,"child_behavior",0,-2,2,2,1,1
"P028","neutral",2,2,"P028:loop2","challenging","AR",1,1,"self_handling",2,-2,2,2,1,1
"P028","neutral",2,2,"P028:loop2","challenging","AR",1,1,"post_feedback",2,-2,2,1,1,1
"P028","neutral",2,3,"P028:loop3","baseline","baseline",2,NA,"child_behavior",0,-2,2,2,1,1
"P028","neutral",2,3,"P028:loop3","baseline","baseline",2,NA,"self_handling",2,-2,2,2,1,1
"P028","neutral",2,3,"P028:loop3","baseline","baseline",2,NA,"post_feedback",2,-2,2,1,1,1
"P028","neutral",2,4,"P028:loop4","challenging","NR",2,2,"child_behavior",-2,2,0,3,2,1
"P028","neutral",2,4,"P028:loop4","challenging","NR",2,2,"self_handling",2,-2,2,3,2,1
"P028","neutral",2,4,"P028:loop4","challenging","NR",2,2,"post_feedback",2,-2,2,1,1,1
"P028","neutral",2,5,"P028:loop5","baseline","baseline",3,NA,"child_behavior",-2,0,0,1,2,1
"P028","neutral",2,5,"P028:loop5","baseline","baseline",3,NA,"self_handling",0,-4,0,1,1,1
"P028","neutral",2,5,"P028:loop5","baseline","baseline",3,NA,"post_feedback",2,-2,2,1,1,1
"P028","neutral",2,6,"P028:loop6","challenging","PR",3,3,"child_behavior",0,-2,2,1,1,1
"P028","neutral",2,6,"P028:loop6","challenging","PR",3,3,"self_handling",2,-2,0,1,1,1
"P028","neutral",2,6,"P028:loop6","challenging","PR",3,3,"post_feedback",2,-2,2,1,1,1
"P029","supportive",3,1,"P029:loop1","baseline","baseline",1,NA,"child_behavior",0,0,3,1,2,3
"P029","supportive",3,1,"P029:loop1","baseline","baseline",1,NA,"self_handling",3,0,2,1,2,2
"P029","supportive",3,1,"P029:loop1","baseline","baseline",1,NA,"post_feedback",-1,1,1,3,2,2
"P029","supportive",3,2,"P029:loop2","challenging","PR",1,1,"child_behavior",0,0,3,1,1,2
"P029","supportive",3,2,"P029:loop2","challenging","PR",1,1,"self_handling",2,1,2,2,2,2
"P029","supportive",3,2,"P029:loop2","challenging","PR",1,1,"post_feedback",0,0,3,1,2,3
"P029","supportive",3,3,"P029:loop3","baseline","baseline",2,NA,"child_behavior",0,0,3,1,1,3
"P029","supportive",3,3,"P029:loop3","baseline","baseline",2,NA,"self_handling",2,0,3,1,1,3
"P029","supportive",3,3,"P029:loop3","baseline","baseline",2,NA,"post_feedback",-1,0,2,1,3,3
"P029","supportive",3,4,"P029:loop4","challenging","AR",2,2,"child_behavior",0,1,2,2,1,2
"P029","supportive",3,4,"P029:loop4","challenging","AR",2,2,"self_handling",2,0,3,1,1,3
"P029","supportive",3,4,"P029:loop4","challenging","AR",2,2,"post_feedback",-1,-1,2,2,2,3
"P029","supportive",3,5,"P029:loop5","baseline","baseline",3,NA,"child_behavior",0,-1,3,2,1,3
"P029","supportive",3,5,"P029:loop5","baseline","baseline",3,NA,"self_handling",2,-1,2,1,2,3
"P029","supportive",3,5,"P029:loop5","baseline","baseline",3,NA,"post_feedback",-2,-2,3,1,3,4
"P029","supportive",3,6,"P029:loop6","challenging","NR",3,3,"child_behavior",0,-1,2,1,1,3
"P029","supportive",3,6,"P029:loop6","challenging","NR",3,3,"self_handling",2,0,2,1,2,3
"P029","supportive",3,6,"P029:loop6","challenging","NR",3,3,"post_feedback",0,-1,3,1,3,4
"P030","neutral",3,1,"P030:loop1","baseline","baseline",1,NA,"child_behavior",1,1,1,1,1,1
"P030","neutral",3,1,"P030:loop1","baseline","baseline",1,NA,"self_handling",2,1,2,1,1,1
"P030","neutral",3,1,"P030:loop1","baseline","baseline",1,NA,"post_feedback",1,1,1,2,1,1
"P030","neutral",3,2,"P030:loop2","challenging","PR",1,1,"child_behavior",0,3,-1,1,2,1
"P030","neutral",3,2,"P030:loop2","challenging","PR",1,1,"self_handling",2,0,3,2,2,1
"P030","neutral",3,2,"P030:loop2","challenging","PR",1,1,"post_feedback",2,2,2,1,1,1
"P030","neutral",3,3,"P030:loop3","baseline","baseline",2,NA,"child_behavior",4,2,4,1,1,1
"P030","neutral",3,3,"P030:loop3","baseline","baseline",2,NA,"self_handling",4,-4,4,1,1,1
"P030","neutral",3,3,"P030:loop3","baseline","baseline",2,NA,"post_feedback",4,-4,4,1,1,1
"P030","neutral",3,4,"P030:loop4","challenging","AR",2,2,"child_behavior",-1,1,0,1,2,1
"P030","neutral",3,4,"P030:loop4","challenging","AR",2,2,"self_handling",4,-4,4,1,1,1
"P030","neutral",3,4,"P030:loop4","challenging","AR",2,2,"post_feedback",4,-4,4,1,1,1
"P030","neutral",3,5,"P030:loop5","baseline","baseline",3,NA,"child_behavior",4,-4,4,1,1,1
"P030","neutral",3,5,"P030:loop5","baseline","baseline",3,NA,"self_handling",4,-4,4,1,1,1
"P030","neutral",3,5,"P030:loop5","baseline","baseline",3,NA,"post_feedback",4,-4,4,1,1,1
"P030","neutral",3,6,"P030:loop6","challenging","NR",3,3,"child_behavior",-4,2,-3,1,3,1
"P030","neutral",3,6,"P030:loop6","challenging","NR",3,3,"self_handling",4,-4,4,1,1,1
"P030","neutral",3,6,"P030:loop6","challenging","NR",3,3,"post_feedback",4,-4,4,1,1,1
"P031","supportive",1,1,"P031:loop1","baseline","baseline",1,NA,"child_behavior",0,-2,3,3,1,1
"P031","supportive",1,1,"P031:loop1","baseline","baseline",1,NA,"self_handling",2,-3,3,3,1,1
"P031","supportive",1,1,"P031:loop1","baseline","baseline",1,NA,"post_feedback",0,-3,3,2,1,1
"P031","supportive",1,2,"P031:loop2","challenging","NR",1,1,"child_behavior",0,-3,4,1,1,1
"P031","supportive",1,2,"P031:loop2","challenging","NR",1,1,"self_handling",0,-3,4,1,1,1
"P031","supportive",1,2,"P031:loop2","challenging","NR",1,1,"post_feedback",0,-3,4,1,1,1
"P031","supportive",1,3,"P031:loop3","baseline","baseline",2,NA,"child_behavior",0,-3,4,1,1,1
"P031","supportive",1,3,"P031:loop3","baseline","baseline",2,NA,"self_handling",1,-3,4,1,1,1
"P031","supportive",1,3,"P031:loop3","baseline","baseline",2,NA,"post_feedback",0,-3,4,1,1,1
"P031","supportive",1,4,"P031:loop4","challenging","PR",2,2,"child_behavior",0,-3,4,2,1,1
"P031","supportive",1,4,"P031:loop4","challenging","PR",2,2,"self_handling",0,-3,4,1,1,1
"P031","supportive",1,4,"P031:loop4","challenging","PR",2,2,"post_feedback",0,-3,4,1,1,1
"P031","supportive",1,5,"P031:loop5","baseline","baseline",3,NA,"child_behavior",0,-3,4,1,1,1
"P031","supportive",1,5,"P031:loop5","baseline","baseline",3,NA,"self_handling",1,-4,4,1,1,1
"P031","supportive",1,5,"P031:loop5","baseline","baseline",3,NA,"post_feedback",0,-3,4,1,1,1
"P031","supportive",1,6,"P031:loop6","challenging","AR",3,3,"child_behavior",0,-3,4,1,1,1
"P031","supportive",1,6,"P031:loop6","challenging","AR",3,3,"self_handling",1,-3,4,1,1,1
"P031","supportive",1,6,"P031:loop6","challenging","AR",3,3,"post_feedback",0,-3,4,1,1,1
"P032","neutral",1,1,"P032:loop1","baseline","baseline",1,NA,"child_behavior",0,0,0,3,1,1
"P032","neutral",1,1,"P032:loop1","baseline","baseline",1,NA,"self_handling",0,0,0,3,1,1
"P032","neutral",1,1,"P032:loop1","baseline","baseline",1,NA,"post_feedback",0,0,0,1,1,1
"P032","neutral",1,2,"P032:loop2","challenging","NR",1,1,"child_behavior",-2,0,0,4,2,1
"P032","neutral",1,2,"P032:loop2","challenging","NR",1,1,"self_handling",-2,0,0,4,2,1
"P032","neutral",1,2,"P032:loop2","challenging","NR",1,1,"post_feedback",-2,0,0,4,2,1
"P032","neutral",1,3,"P032:loop3","baseline","baseline",2,NA,"child_behavior",0,0,0,4,2,1
"P032","neutral",1,3,"P032:loop3","baseline","baseline",2,NA,"self_handling",-2,0,0,4,2,1
"P032","neutral",1,3,"P032:loop3","baseline","baseline",2,NA,"post_feedback",0,0,0,3,1,1
"P032","neutral",1,4,"P032:loop4","challenging","PR",2,2,"child_behavior",0,0,0,2,2,1
"P032","neutral",1,4,"P032:loop4","challenging","PR",2,2,"self_handling",0,0,0,2,2,1
"P032","neutral",1,4,"P032:loop4","challenging","PR",2,2,"post_feedback",0,0,0,1,1,1
"P032","neutral",1,5,"P032:loop5","baseline","baseline",3,NA,"child_behavior",0,0,0,1,1,1
"P032","neutral",1,5,"P032:loop5","baseline","baseline",3,NA,"self_handling",0,0,0,1,1,1
"P032","neutral",1,5,"P032:loop5","baseline","baseline",3,NA,"post_feedback",0,0,0,3,1,1
"P032","neutral",1,6,"P032:loop6","challenging","AR",3,3,"child_behavior",0,0,0,3,1,1
"P032","neutral",1,6,"P032:loop6","challenging","AR",3,3,"self_handling",0,0,0,3,1,1
"P032","neutral",1,6,"P032:loop6","challenging","AR",3,3,"post_feedback",0,0,0,2,1,1
"P033","supportive",2,1,"P033:loop1","baseline","baseline",1,NA,"child_behavior",2,0,1,1,1,1
"P033","supportive",2,1,"P033:loop1","baseline","baseline",1,NA,"self_handling",2,0,1,1,1,1
"P033","supportive",2,1,"P033:loop1","baseline","baseline",1,NA,"post_feedback",2,0,0,1,1,1
"P033","supportive",2,2,"P033:loop2","challenging","AR",1,1,"child_behavior",2,0,0,1,1,1
"P033","supportive",2,2,"P033:loop2","challenging","AR",1,1,"self_handling",2,0,0,1,1,1
"P033","supportive",2,2,"P033:loop2","challenging","AR",1,1,"post_feedback",2,0,0,1,1,1
"P033","supportive",2,3,"P033:loop3","baseline","baseline",2,NA,"child_behavior",2,0,0,1,1,1
"P033","supportive",2,3,"P033:loop3","baseline","baseline",2,NA,"self_handling",2,0,0,1,1,1
"P033","supportive",2,3,"P033:loop3","baseline","baseline",2,NA,"post_feedback",2,0,0,1,1,1
"P033","supportive",2,4,"P033:loop4","challenging","NR",2,2,"child_behavior",-1,0,0,1,1,1
"P033","supportive",2,4,"P033:loop4","challenging","NR",2,2,"self_handling",2,0,0,1,1,1
"P033","supportive",2,4,"P033:loop4","challenging","NR",2,2,"post_feedback",1,0,0,1,1,1
"P033","supportive",2,5,"P033:loop5","baseline","baseline",3,NA,"child_behavior",2,0,0,1,1,1
"P033","supportive",2,5,"P033:loop5","baseline","baseline",3,NA,"self_handling",2,0,0,1,1,1
"P033","supportive",2,5,"P033:loop5","baseline","baseline",3,NA,"post_feedback",2,0,0,1,1,1
"P033","supportive",2,6,"P033:loop6","challenging","PR",3,3,"child_behavior",2,0,0,1,1,1
"P033","supportive",2,6,"P033:loop6","challenging","PR",3,3,"self_handling",2,0,0,1,1,1
"P033","supportive",2,6,"P033:loop6","challenging","PR",3,3,"post_feedback",2,0,0,1,1,1
"P034","neutral",2,1,"P034:loop1","baseline","baseline",1,NA,"child_behavior",3,0,0,2,1,3
"P034","neutral",2,1,"P034:loop1","baseline","baseline",1,NA,"self_handling",2,-2,0,2,1,3
"P034","neutral",2,1,"P034:loop1","baseline","baseline",1,NA,"post_feedback",1,0,0,2,1,4
"P034","neutral",2,2,"P034:loop2","challenging","AR",1,1,"child_behavior",0,-1,1,3,1,3
"P034","neutral",2,2,"P034:loop2","challenging","AR",1,1,"self_handling",2,-1,1,2,1,3
"P034","neutral",2,2,"P034:loop2","challenging","AR",1,1,"post_feedback",0,-1,1,3,1,3
"P034","neutral",2,3,"P034:loop3","baseline","baseline",2,NA,"child_behavior",2,-1,0,2,1,3
"P034","neutral",2,3,"P034:loop3","baseline","baseline",2,NA,"self_handling",4,-2,2,2,1,2
"P034","neutral",2,3,"P034:loop3","baseline","baseline",2,NA,"post_feedback",2,0,4,2,1,3
"P034","neutral",2,4,"P034:loop4","challenging","NR",2,2,"child_behavior",-2,-2,3,2,1,3
"P034","neutral",2,4,"P034:loop4","challenging","NR",2,2,"self_handling",4,0,4,1,1,3
"P034","neutral",2,4,"P034:loop4","challenging","NR",2,2,"post_feedback",1,-1,4,2,1,3
"P034","neutral",2,5,"P034:loop5","baseline","baseline",3,NA,"child_behavior",2,-1,4,1,1,3
"P034","neutral",2,5,"P034:loop5","baseline","baseline",3,NA,"self_handling",4,-2,4,1,1,3
"P034","neutral",2,5,"P034:loop5","baseline","baseline",3,NA,"post_feedback",1,-2,4,1,1,3
"P034","neutral",2,6,"P034:loop6","challenging","PR",3,3,"child_behavior",4,-2,4,1,1,3
"P034","neutral",2,6,"P034:loop6","challenging","PR",3,3,"self_handling",4,0,4,1,1,3
"P034","neutral",2,6,"P034:loop6","challenging","PR",3,3,"post_feedback",3,0,4,1,1,3
"P035","supportive",3,1,"P035:loop1","baseline","baseline",1,NA,"child_behavior",4,0,4,1,1,1
"P035","supportive",3,1,"P035:loop1","baseline","baseline",1,NA,"self_handling",4,0,4,1,1,1
"P035","supportive",3,1,"P035:loop1","baseline","baseline",1,NA,"post_feedback",4,0,4,1,1,1
"P035","supportive",3,2,"P035:loop2","challenging","PR",1,1,"child_behavior",4,0,4,2,1,1
"P035","supportive",3,2,"P035:loop2","challenging","PR",1,1,"self_handling",4,0,4,1,1,1
"P035","supportive",3,2,"P035:loop2","challenging","PR",1,1,"post_feedback",4,0,4,1,1,1
"P035","supportive",3,3,"P035:loop3","baseline","baseline",2,NA,"child_behavior",4,0,4,2,1,1
"P035","supportive",3,3,"P035:loop3","baseline","baseline",2,NA,"self_handling",4,0,4,1,1,1
"P035","supportive",3,3,"P035:loop3","baseline","baseline",2,NA,"post_feedback",4,-2,4,1,1,1
"P035","supportive",3,4,"P035:loop4","challenging","AR",2,2,"child_behavior",4,0,4,1,1,1
"P035","supportive",3,4,"P035:loop4","challenging","AR",2,2,"self_handling",4,0,4,2,1,1
"P035","supportive",3,4,"P035:loop4","challenging","AR",2,2,"post_feedback",4,0,4,1,1,1
"P035","supportive",3,5,"P035:loop5","baseline","baseline",3,NA,"child_behavior",4,0,4,1,1,1
"P035","supportive",3,5,"P035:loop5","baseline","baseline",3,NA,"self_handling",4,0,4,1,1,1
"P035","supportive",3,5,"P035:loop5","baseline","baseline",3,NA,"post_feedback",4,0,4,1,1,1
"P035","supportive",3,6,"P035:loop6","challenging","NR",3,3,"child_behavior",4,0,4,1,1,1
"P035","supportive",3,6,"P035:loop6","challenging","NR",3,3,"self_handling",4,0,4,1,1,1
"P035","supportive",3,6,"P035:loop6","challenging","NR",3,3,"post_feedback",4,-1,4,1,1,1
"P036","neutral",3,1,"P036:loop1","baseline","baseline",1,NA,"child_behavior",4,-4,4,1,1,1
"P036","neutral",3,1,"P036:loop1","baseline","baseline",1,NA,"self_handling",4,-4,4,1,1,1
"P036","neutral",3,1,"P036:loop1","baseline","baseline",1,NA,"post_feedback",4,-4,4,1,1,1
"P036","neutral",3,2,"P036:loop2","challenging","PR",1,1,"child_behavior",2,-4,4,2,1,1
"P036","neutral",3,2,"P036:loop2","challenging","PR",1,1,"self_handling",0,-4,2,2,1,1
"P036","neutral",3,2,"P036:loop2","challenging","PR",1,1,"post_feedback",4,-4,4,1,1,1
"P036","neutral",3,3,"P036:loop3","baseline","baseline",2,NA,"child_behavior",4,-4,4,1,1,1
"P036","neutral",3,3,"P036:loop3","baseline","baseline",2,NA,"self_handling",2,-4,4,1,1,1
"P036","neutral",3,3,"P036:loop3","baseline","baseline",2,NA,"post_feedback",4,-4,4,1,1,1
"P036","neutral",3,4,"P036:loop4","challenging","AR",2,2,"child_behavior",0,-4,4,2,1,1
"P036","neutral",3,4,"P036:loop4","challenging","AR",2,2,"self_handling",4,-4,4,1,1,1
"P036","neutral",3,4,"P036:loop4","challenging","AR",2,2,"post_feedback",4,-4,4,1,1,1
"P036","neutral",3,5,"P036:loop5","baseline","baseline",3,NA,"child_behavior",4,-4,4,1,1,1
"P036","neutral",3,5,"P036:loop5","baseline","baseline",3,NA,"self_handling",4,-4,4,1,1,1
"P036","neutral",3,5,"P036:loop5","baseline","baseline",3,NA,"post_feedback",4,-4,4,1,1,1
"P036","neutral",3,6,"P036:loop6","challenging","NR",3,3,"child_behavior",0,-4,4,1,1,1
"P036","neutral",3,6,"P036:loop6","challenging","NR",3,3,"self_handling",2,-4,4,1,1,1
"P036","neutral",3,6,"P036:loop6","challenging","NR",3,3,"post_feedback",4,-4,4,1,1,1
"P037","supportive",1,1,"P037:loop1","baseline","baseline",1,NA,"child_behavior",4,4,4,2,1,1
"P037","supportive",1,1,"P037:loop1","baseline","baseline",1,NA,"self_handling",3,2,3,2,1,1
"P037","supportive",1,1,"P037:loop1","baseline","baseline",1,NA,"post_feedback",3,3,3,3,1,1
"P037","supportive",1,2,"P037:loop2","challenging","NR",1,1,"child_behavior",2,4,0,3,2,1
"P037","supportive",1,2,"P037:loop2","challenging","NR",1,1,"self_handling",0,-4,0,2,2,1
"P037","supportive",1,2,"P037:loop2","challenging","NR",1,1,"post_feedback",3,3,2,2,1,1
"P037","supportive",1,3,"P037:loop3","baseline","baseline",2,NA,"child_behavior",4,3,3,1,1,1
"P037","supportive",1,3,"P037:loop3","baseline","baseline",2,NA,"self_handling",4,4,4,1,1,1
"P037","supportive",1,3,"P037:loop3","baseline","baseline",2,NA,"post_feedback",4,4,4,1,1,1
"P037","supportive",1,4,"P037:loop4","challenging","PR",2,2,"child_behavior",3,4,2,2,1,1
"P037","supportive",1,4,"P037:loop4","challenging","PR",2,2,"self_handling",3,4,2,2,1,1
"P037","supportive",1,4,"P037:loop4","challenging","PR",2,2,"post_feedback",4,3,3,1,1,1
"P037","supportive",1,5,"P037:loop5","baseline","baseline",3,NA,"child_behavior",4,3,4,1,1,1
"P037","supportive",1,5,"P037:loop5","baseline","baseline",3,NA,"self_handling",4,4,4,1,1,1
"P037","supportive",1,5,"P037:loop5","baseline","baseline",3,NA,"post_feedback",4,4,4,1,1,1
"P037","supportive",1,6,"P037:loop6","challenging","AR",3,3,"child_behavior",3,4,2,2,2,1
"P037","supportive",1,6,"P037:loop6","challenging","AR",3,3,"self_handling",4,3,3,2,2,1
"P037","supportive",1,6,"P037:loop6","challenging","AR",3,3,"post_feedback",3,4,3,2,2,1
"P038","neutral",1,1,"P038:loop1","baseline","baseline",1,NA,"child_behavior",1,-1,1,2,1,2
"P038","neutral",1,1,"P038:loop1","baseline","baseline",1,NA,"self_handling",0,0,2,2,1,2
"P038","neutral",1,1,"P038:loop1","baseline","baseline",1,NA,"post_feedback",2,0,0,1,1,2
"P038","neutral",1,2,"P038:loop2","challenging","NR",1,1,"child_behavior",2,2,-1,1,1,1
"P038","neutral",1,2,"P038:loop2","challenging","NR",1,1,"self_handling",2,-1,0,2,1,1
"P038","neutral",1,2,"P038:loop2","challenging","NR",1,1,"post_feedback",2,1,1,1,1,1
"P038","neutral",1,3,"P038:loop3","baseline","baseline",2,NA,"child_behavior",2,1,2,1,1,2
"P038","neutral",1,3,"P038:loop3","baseline","baseline",2,NA,"self_handling",2,-2,2,1,1,2
"P038","neutral",1,3,"P038:loop3","baseline","baseline",2,NA,"post_feedback",2,0,0,1,1,2
"P038","neutral",1,4,"P038:loop4","challenging","PR",2,2,"child_behavior",0,2,-1,1,1,1
"P038","neutral",1,4,"P038:loop4","challenging","PR",2,2,"self_handling",2,0,0,1,1,1
"P038","neutral",1,4,"P038:loop4","challenging","PR",2,2,"post_feedback",2,-1,2,1,1,1
"P038","neutral",1,5,"P038:loop5","baseline","baseline",3,NA,"child_behavior",2,0,2,1,1,1
"P038","neutral",1,5,"P038:loop5","baseline","baseline",3,NA,"self_handling",0,-2,4,1,1,1
"P038","neutral",1,5,"P038:loop5","baseline","baseline",3,NA,"post_feedback",0,0,-2,2,1,1
"P038","neutral",1,6,"P038:loop6","challenging","AR",3,3,"child_behavior",0,4,0,2,1,1
"P038","neutral",1,6,"P038:loop6","challenging","AR",3,3,"self_handling",2,-2,-1,2,1,1
"P038","neutral",1,6,"P038:loop6","challenging","AR",3,3,"post_feedback",0,2,-1,1,2,1
"P039","supportive",2,1,"P039:loop1","baseline","baseline",1,NA,"child_behavior",2,1,4,1,1,1
"P039","supportive",2,1,"P039:loop1","baseline","baseline",1,NA,"self_handling",2,2,4,1,1,1
"P039","supportive",2,1,"P039:loop1","baseline","baseline",1,NA,"post_feedback",2,1,4,1,1,1
"P039","supportive",2,2,"P039:loop2","challenging","AR",1,1,"child_behavior",0,1,-2,4,4,1
"P039","supportive",2,2,"P039:loop2","challenging","AR",1,1,"self_handling",1,2,0,3,3,1
"P039","supportive",2,2,"P039:loop2","challenging","AR",1,1,"post_feedback",2,2,4,1,1,1
"P039","supportive",2,3,"P039:loop3","baseline","baseline",2,NA,"child_behavior",3,2,4,1,1,1
"P039","supportive",2,3,"P039:loop3","baseline","baseline",2,NA,"self_handling",3,2,4,1,1,1
"P039","supportive",2,3,"P039:loop3","baseline","baseline",2,NA,"post_feedback",3,1,4,1,1,1
"P039","supportive",2,4,"P039:loop4","challenging","NR",2,2,"child_behavior",-4,3,-4,4,3,1
"P039","supportive",2,4,"P039:loop4","challenging","NR",2,2,"self_handling",4,2,4,1,1,1
"P039","supportive",2,4,"P039:loop4","challenging","NR",2,2,"post_feedback",3,1,4,1,1,1
"P039","supportive",2,5,"P039:loop5","baseline","baseline",3,NA,"child_behavior",3,2,4,1,1,1
"P039","supportive",2,5,"P039:loop5","baseline","baseline",3,NA,"self_handling",3,0,4,1,1,1
"P039","supportive",2,5,"P039:loop5","baseline","baseline",3,NA,"post_feedback",4,1,4,1,1,1
"P039","supportive",2,6,"P039:loop6","challenging","PR",3,3,"child_behavior",0,1,4,1,1,1
"P039","supportive",2,6,"P039:loop6","challenging","PR",3,3,"self_handling",4,2,4,1,1,1
"P039","supportive",2,6,"P039:loop6","challenging","PR",3,3,"post_feedback",2,0,4,1,1,1
"P040","neutral",2,1,"P040:loop1","baseline","baseline",1,NA,"child_behavior",3,-1,0,2,1,1
"P040","neutral",2,1,"P040:loop1","baseline","baseline",1,NA,"self_handling",-1,-2,0,4,1,1
"P040","neutral",2,1,"P040:loop1","baseline","baseline",1,NA,"post_feedback",3,-1,0,1,1,1
"P040","neutral",2,2,"P040:loop2","challenging","AR",1,1,"child_behavior",0,1,-1,4,2,1
"P040","neutral",2,2,"P040:loop2","challenging","AR",1,1,"self_handling",2,-1,0,2,1,1
"P040","neutral",2,2,"P040:loop2","challenging","AR",1,1,"post_feedback",2,0,1,1,1,1
"P040","neutral",2,3,"P040:loop3","baseline","baseline",2,NA,"child_behavior",4,2,2,1,1,1
"P040","neutral",2,3,"P040:loop3","baseline","baseline",2,NA,"self_handling",3,1,2,1,1,1
"P040","neutral",2,3,"P040:loop3","baseline","baseline",2,NA,"post_feedback",4,2,2,1,1,1
"P040","neutral",2,4,"P040:loop4","challenging","NR",2,2,"child_behavior",-1,3,-1,1,2,1
"P040","neutral",2,4,"P040:loop4","challenging","NR",2,2,"self_handling",3,2,1,1,2,1
"P040","neutral",2,4,"P040:loop4","challenging","NR",2,2,"post_feedback",4,2,3,1,1,1
"P040","neutral",2,5,"P040:loop5","baseline","baseline",3,NA,"child_behavior",4,1,2,1,1,1
"P040","neutral",2,5,"P040:loop5","baseline","baseline",3,NA,"self_handling",4,-1,2,1,1,1
"P040","neutral",2,5,"P040:loop5","baseline","baseline",3,NA,"post_feedback",4,-2,3,1,1,2
"P040","neutral",2,6,"P040:loop6","challenging","PR",3,3,"child_behavior",-2,2,-2,3,2,1
"P040","neutral",2,6,"P040:loop6","challenging","PR",3,3,"self_handling",4,-1,2,2,2,1
"P040","neutral",2,6,"P040:loop6","challenging","PR",3,3,"post_feedback",4,1,3,1,1,1
"P041","supportive",3,1,"P041:loop1","baseline","baseline",1,NA,"child_behavior",4,2,4,1,1,1
"P041","supportive",3,1,"P041:loop1","baseline","baseline",1,NA,"self_handling",4,2,4,1,1,1
"P041","supportive",3,1,"P041:loop1","baseline","baseline",1,NA,"post_feedback",0,4,4,2,1,1
"P041","supportive",3,2,"P041:loop2","challenging","PR",1,1,"child_behavior",2,4,4,1,1,1
"P041","supportive",3,2,"P041:loop2","challenging","PR",1,1,"self_handling",4,2,4,1,1,1
"P041","supportive",3,2,"P041:loop2","challenging","PR",1,1,"post_feedback",2,2,4,1,1,1
"P041","supportive",3,3,"P041:loop3","baseline","baseline",2,NA,"child_behavior",4,2,4,1,1,1
"P041","supportive",3,3,"P041:loop3","baseline","baseline",2,NA,"self_handling",4,2,4,1,1,1
"P041","supportive",3,3,"P041:loop3","baseline","baseline",2,NA,"post_feedback",2,0,4,1,1,1
"P041","supportive",3,4,"P041:loop4","challenging","AR",2,2,"child_behavior",0,2,4,2,1,1
"P041","supportive",3,4,"P041:loop4","challenging","AR",2,2,"self_handling",4,2,4,1,1,1
"P041","supportive",3,4,"P041:loop4","challenging","AR",2,2,"post_feedback",2,0,4,1,1,1
"P041","supportive",3,5,"P041:loop5","baseline","baseline",3,NA,"child_behavior",4,2,4,1,1,1
"P041","supportive",3,5,"P041:loop5","baseline","baseline",3,NA,"self_handling",4,2,4,1,1,1
"P041","supportive",3,5,"P041:loop5","baseline","baseline",3,NA,"post_feedback",2,0,4,1,1,1
"P041","supportive",3,6,"P041:loop6","challenging","NR",3,3,"child_behavior",-2,4,4,2,1,1
"P041","supportive",3,6,"P041:loop6","challenging","NR",3,3,"self_handling",4,2,4,1,1,1
"P041","supportive",3,6,"P041:loop6","challenging","NR",3,3,"post_feedback",2,0,4,1,1,1
"P042","neutral",3,1,"P042:loop1","baseline","baseline",1,NA,"child_behavior",4,-2,2,1,1,1
"P042","neutral",3,1,"P042:loop1","baseline","baseline",1,NA,"self_handling",4,-2,3,1,1,1
"P042","neutral",3,1,"P042:loop1","baseline","baseline",1,NA,"post_feedback",2,-2,2,1,1,1
"P042","neutral",3,2,"P042:loop2","challenging","PR",1,1,"child_behavior",2,-1,1,1,1,1
"P042","neutral",3,2,"P042:loop2","challenging","PR",1,1,"self_handling",0,-2,0,1,1,1
"P042","neutral",3,2,"P042:loop2","challenging","PR",1,1,"post_feedback",2,-2,2,1,1,1
"P042","neutral",3,3,"P042:loop3","baseline","baseline",2,NA,"child_behavior",4,-2,4,1,1,1
"P042","neutral",3,3,"P042:loop3","baseline","baseline",2,NA,"self_handling",4,-3,4,1,1,1
"P042","neutral",3,3,"P042:loop3","baseline","baseline",2,NA,"post_feedback",3,-3,3,1,1,1
"P042","neutral",3,4,"P042:loop4","challenging","AR",2,2,"child_behavior",0,-2,-1,1,1,1
"P042","neutral",3,4,"P042:loop4","challenging","AR",2,2,"self_handling",0,-2,-1,1,1,1
"P042","neutral",3,4,"P042:loop4","challenging","AR",2,2,"post_feedback",3,-2,-2,1,1,1
"P042","neutral",3,5,"P042:loop5","baseline","baseline",3,NA,"child_behavior",3,-2,4,1,1,1
"P042","neutral",3,5,"P042:loop5","baseline","baseline",3,NA,"self_handling",4,-4,4,1,1,1
"P042","neutral",3,5,"P042:loop5","baseline","baseline",3,NA,"post_feedback",3,-2,3,1,1,1
"P042","neutral",3,6,"P042:loop6","challenging","NR",3,3,"child_behavior",1,-2,0,1,1,1
"P042","neutral",3,6,"P042:loop6","challenging","NR",3,3,"self_handling",1,-1,-1,1,1,1
"P042","neutral",3,6,"P042:loop6","challenging","NR",3,3,"post_feedback",2,-2,2,2,1,1
"P043","supportive",1,1,"P043:loop1","baseline","baseline",1,NA,"child_behavior",0,0,0,2,1,1
"P043","supportive",1,1,"P043:loop1","baseline","baseline",1,NA,"self_handling",0,0,0,2,1,1
"P043","supportive",1,1,"P043:loop1","baseline","baseline",1,NA,"post_feedback",0,0,0,1,1,1
"P043","supportive",1,2,"P043:loop2","challenging","NR",1,1,"child_behavior",0,0,0,2,1,1
"P043","supportive",1,2,"P043:loop2","challenging","NR",1,1,"self_handling",0,0,0,2,1,1
"P043","supportive",1,2,"P043:loop2","challenging","NR",1,1,"post_feedback",0,0,0,1,1,1
"P043","supportive",1,3,"P043:loop3","baseline","baseline",2,NA,"child_behavior",0,0,0,1,1,1
"P043","supportive",1,3,"P043:loop3","baseline","baseline",2,NA,"self_handling",0,0,0,1,1,1
"P043","supportive",1,3,"P043:loop3","baseline","baseline",2,NA,"post_feedback",0,0,0,1,1,1
"P043","supportive",1,4,"P043:loop4","challenging","PR",2,2,"child_behavior",0,0,0,2,1,1
"P043","supportive",1,4,"P043:loop4","challenging","PR",2,2,"self_handling",0,0,0,2,1,1
"P043","supportive",1,4,"P043:loop4","challenging","PR",2,2,"post_feedback",0,0,0,1,1,1
"P043","supportive",1,5,"P043:loop5","baseline","baseline",3,NA,"child_behavior",0,0,0,1,1,1
"P043","supportive",1,5,"P043:loop5","baseline","baseline",3,NA,"self_handling",0,0,0,1,1,1
"P043","supportive",1,5,"P043:loop5","baseline","baseline",3,NA,"post_feedback",0,0,0,1,1,1
"P043","supportive",1,6,"P043:loop6","challenging","AR",3,3,"child_behavior",0,0,1,1,1,1
"P043","supportive",1,6,"P043:loop6","challenging","AR",3,3,"self_handling",0,0,0,1,1,1
"P043","supportive",1,6,"P043:loop6","challenging","AR",3,3,"post_feedback",0,0,0,1,1,1
"P044","neutral",1,1,"P044:loop1","baseline","baseline",1,NA,"child_behavior",1,1,4,2,2,2
"P044","neutral",1,1,"P044:loop1","baseline","baseline",1,NA,"self_handling",0,0,2,2,2,2
"P044","neutral",1,1,"P044:loop1","baseline","baseline",1,NA,"post_feedback",0,2,4,3,2,2
"P044","neutral",1,2,"P044:loop2","challenging","NR",1,1,"child_behavior",-2,2,4,4,2,2
"P044","neutral",1,2,"P044:loop2","challenging","NR",1,1,"self_handling",-1,2,2,3,2,2
"P044","neutral",1,2,"P044:loop2","challenging","NR",1,1,"post_feedback",0,0,4,2,2,2
"P044","neutral",1,3,"P044:loop3","baseline","baseline",2,NA,"child_behavior",0,0,0,2,2,2
"P044","neutral",1,3,"P044:loop3","baseline","baseline",2,NA,"self_handling",1,0,0,2,1,2
"P044","neutral",1,3,"P044:loop3","baseline","baseline",2,NA,"post_feedback",0,0,1,2,1,2
"P044","neutral",1,4,"P044:loop4","challenging","PR",2,2,"child_behavior",0,0,1,3,2,1
"P044","neutral",1,4,"P044:loop4","challenging","PR",2,2,"self_handling",0,-1,2,3,1,1
"P044","neutral",1,4,"P044:loop4","challenging","PR",2,2,"post_feedback",0,0,4,1,1,1
"P044","neutral",1,5,"P044:loop5","baseline","baseline",3,NA,"child_behavior",0,0,4,1,1,1
"P044","neutral",1,5,"P044:loop5","baseline","baseline",3,NA,"self_handling",0,0,4,1,1,1
"P044","neutral",1,5,"P044:loop5","baseline","baseline",3,NA,"post_feedback",0,0,4,1,1,1
"P044","neutral",1,6,"P044:loop6","challenging","AR",3,3,"child_behavior",0,0,2,2,2,1
"P044","neutral",1,6,"P044:loop6","challenging","AR",3,3,"self_handling",1,-1,4,2,1,1
"P044","neutral",1,6,"P044:loop6","challenging","AR",3,3,"post_feedback",0,0,0,1,1,1
"P045","supportive",2,1,"P045:loop1","baseline","baseline",1,NA,"child_behavior",1,1,1,2,1,1
"P045","supportive",2,1,"P045:loop1","baseline","baseline",1,NA,"self_handling",0,0,1,1,1,1
"P045","supportive",2,1,"P045:loop1","baseline","baseline",1,NA,"post_feedback",1,1,1,1,1,1
"P045","supportive",2,2,"P045:loop2","challenging","AR",1,1,"child_behavior",2,2,2,2,1,1
"P045","supportive",2,2,"P045:loop2","challenging","AR",1,1,"self_handling",1,2,2,2,1,1
"P045","supportive",2,2,"P045:loop2","challenging","AR",1,1,"post_feedback",2,2,1,1,1,1
"P045","supportive",2,3,"P045:loop3","baseline","baseline",2,NA,"child_behavior",2,2,2,1,1,1
"P045","supportive",2,3,"P045:loop3","baseline","baseline",2,NA,"self_handling",2,2,2,1,1,1
"P045","supportive",2,3,"P045:loop3","baseline","baseline",2,NA,"post_feedback",2,2,2,1,1,1
"P045","supportive",2,4,"P045:loop4","challenging","NR",2,2,"child_behavior",-2,3,-2,4,1,1
"P045","supportive",2,4,"P045:loop4","challenging","NR",2,2,"self_handling",0,2,0,3,1,1
"P045","supportive",2,4,"P045:loop4","challenging","NR",2,2,"post_feedback",0,2,0,2,1,1
"P045","supportive",2,5,"P045:loop5","baseline","baseline",3,NA,"child_behavior",2,1,1,1,1,1
"P045","supportive",2,5,"P045:loop5","baseline","baseline",3,NA,"self_handling",2,1,1,1,1,1
"P045","supportive",2,5,"P045:loop5","baseline","baseline",3,NA,"post_feedback",2,1,1,1,1,1
"P045","supportive",2,6,"P045:loop6","challenging","PR",3,3,"child_behavior",3,2,3,1,1,1
"P045","supportive",2,6,"P045:loop6","challenging","PR",3,3,"self_handling",3,2,3,1,1,1
"P045","supportive",2,6,"P045:loop6","challenging","PR",3,3,"post_feedback",3,2,2,1,1,1
"P046","neutral",2,1,"P046:loop1","baseline","baseline",1,NA,"child_behavior",0,0,1,3,1,1
"P046","neutral",2,1,"P046:loop1","baseline","baseline",1,NA,"self_handling",0,0,1,3,1,1
"P046","neutral",2,1,"P046:loop1","baseline","baseline",1,NA,"post_feedback",2,0,1,1,1,1
"P046","neutral",2,2,"P046:loop2","challenging","AR",1,1,"child_behavior",-2,0,0,3,2,1
"P046","neutral",2,2,"P046:loop2","challenging","AR",1,1,"self_handling",-2,0,-1,3,2,1
"P046","neutral",2,2,"P046:loop2","challenging","AR",1,1,"post_feedback",0,0,-1,2,1,1
"P046","neutral",2,3,"P046:loop3","baseline","baseline",2,NA,"child_behavior",4,0,4,1,1,1
"P046","neutral",2,3,"P046:loop3","baseline","baseline",2,NA,"self_handling",4,1,4,1,1,1
"P046","neutral",2,3,"P046:loop3","baseline","baseline",2,NA,"post_feedback",4,1,4,1,1,1
"P046","neutral",2,4,"P046:loop4","challenging","NR",2,2,"child_behavior",-3,0,-3,2,1,1
"P046","neutral",2,4,"P046:loop4","challenging","NR",2,2,"self_handling",2,0,1,1,1,1
"P046","neutral",2,4,"P046:loop4","challenging","NR",2,2,"post_feedback",0,0,0,2,1,1
"P046","neutral",2,5,"P046:loop5","baseline","baseline",3,NA,"child_behavior",4,0,4,1,1,1
"P046","neutral",2,5,"P046:loop5","baseline","baseline",3,NA,"self_handling",4,1,4,1,1,1
"P046","neutral",2,5,"P046:loop5","baseline","baseline",3,NA,"post_feedback",4,1,4,1,1,1
"P046","neutral",2,6,"P046:loop6","challenging","PR",3,3,"child_behavior",-2,0,-2,3,3,1
"P046","neutral",2,6,"P046:loop6","challenging","PR",3,3,"self_handling",0,0,-1,3,3,1
"P046","neutral",2,6,"P046:loop6","challenging","PR",3,3,"post_feedback",4,-1,0,1,1,1
"P047","supportive",3,1,"P047:loop1","baseline","baseline",1,NA,"child_behavior",1,1,3,1,1,1
"P047","supportive",3,1,"P047:loop1","baseline","baseline",1,NA,"self_handling",1,1,1,2,1,1
"P047","supportive",3,1,"P047:loop1","baseline","baseline",1,NA,"post_feedback",1,1,3,1,1,1
"P047","supportive",3,2,"P047:loop2","challenging","PR",1,1,"child_behavior",1,1,-1,3,2,1
"P047","supportive",3,2,"P047:loop2","challenging","PR",1,1,"self_handling",1,1,-1,2,1,1
"P047","supportive",3,2,"P047:loop2","challenging","PR",1,1,"post_feedback",1,1,1,1,1,1
"P047","supportive",3,3,"P047:loop3","baseline","baseline",2,NA,"child_behavior",1,1,2,2,1,1
"P047","supportive",3,3,"P047:loop3","baseline","baseline",2,NA,"self_handling",3,2,2,1,1,1
"P047","supportive",3,3,"P047:loop3","baseline","baseline",2,NA,"post_feedback",2,1,2,1,1,1
"P047","supportive",3,4,"P047:loop4","challenging","AR",2,2,"child_behavior",2,1,1,2,1,1
"P047","supportive",3,4,"P047:loop4","challenging","AR",2,2,"self_handling",3,2,2,2,1,2
"P047","supportive",3,4,"P047:loop4","challenging","AR",2,2,"post_feedback",3,2,2,1,1,1
"P047","supportive",3,5,"P047:loop5","baseline","baseline",3,NA,"child_behavior",3,3,2,1,1,1
"P047","supportive",3,5,"P047:loop5","baseline","baseline",3,NA,"self_handling",2,2,2,1,1,1
"P047","supportive",3,5,"P047:loop5","baseline","baseline",3,NA,"post_feedback",2,2,2,1,1,1
"P047","supportive",3,6,"P047:loop6","challenging","NR",3,3,"child_behavior",-1,2,-1,3,2,1
"P047","supportive",3,6,"P047:loop6","challenging","NR",3,3,"self_handling",2,0,0,1,2,1
"P047","supportive",3,6,"P047:loop6","challenging","NR",3,3,"post_feedback",2,2,3,1,1,1
"P048","neutral",3,1,"P048:loop1","baseline","baseline",1,NA,"child_behavior",2,0,0,3,1,1
"P048","neutral",3,1,"P048:loop1","baseline","baseline",1,NA,"self_handling",1,1,0,3,2,1
"P048","neutral",3,1,"P048:loop1","baseline","baseline",1,NA,"post_feedback",4,1,-1,3,2,1
"P048","neutral",3,2,"P048:loop2","challenging","PR",1,1,"child_behavior",0,2,0,3,1,1
"P048","neutral",3,2,"P048:loop2","challenging","PR",1,1,"self_handling",2,-2,0,3,1,1
"P048","neutral",3,2,"P048:loop2","challenging","PR",1,1,"post_feedback",-1,0,-2,4,3,1
"P048","neutral",3,3,"P048:loop3","baseline","baseline",2,NA,"child_behavior",4,1,0,1,1,1
"P048","neutral",3,3,"P048:loop3","baseline","baseline",2,NA,"self_handling",4,2,0,1,1,1
"P048","neutral",3,3,"P048:loop3","baseline","baseline",2,NA,"post_feedback",4,1,0,2,1,1
"P048","neutral",3,4,"P048:loop4","challenging","AR",2,2,"child_behavior",-1,2,0,4,2,1
"P048","neutral",3,4,"P048:loop4","challenging","AR",2,2,"self_handling",4,-3,2,4,2,1
"P048","neutral",3,4,"P048:loop4","challenging","AR",2,2,"post_feedback",4,2,3,3,2,1
"P048","neutral",3,5,"P048:loop5","baseline","baseline",3,NA,"child_behavior",4,0,4,1,1,1
"P048","neutral",3,5,"P048:loop5","baseline","baseline",3,NA,"self_handling",4,-2,4,1,1,3
"P048","neutral",3,5,"P048:loop5","baseline","baseline",3,NA,"post_feedback",4,-1,2,1,1,2
"P048","neutral",3,6,"P048:loop6","challenging","NR",3,3,"child_behavior",-3,3,-2,3,2,1
"P048","neutral",3,6,"P048:loop6","challenging","NR",3,3,"self_handling",2,-2,0,4,2,1
"P048","neutral",3,6,"P048:loop6","challenging","NR",3,3,"post_feedback",3,0,0,4,2,1
"P049","supportive",1,1,"P049:loop1","baseline","baseline",1,NA,"child_behavior",0,2,0,1,1,4
"P049","supportive",1,1,"P049:loop1","baseline","baseline",1,NA,"self_handling",2,0,0,2,1,4
"P049","supportive",1,1,"P049:loop1","baseline","baseline",1,NA,"post_feedback",0,0,0,1,1,4
"P049","supportive",1,2,"P049:loop2","challenging","NR",1,1,"child_behavior",0,-2,-4,3,1,5
"P049","supportive",1,2,"P049:loop2","challenging","NR",1,1,"self_handling",1,-2,0,3,1,5
"P049","supportive",1,2,"P049:loop2","challenging","NR",1,1,"post_feedback",-1,-2,-4,1,2,5
"P049","supportive",1,3,"P049:loop3","baseline","baseline",2,NA,"child_behavior",0,-2,2,1,1,5
"P049","supportive",1,3,"P049:loop3","baseline","baseline",2,NA,"self_handling",1,-2,-1,1,1,5
"P049","supportive",1,3,"P049:loop3","baseline","baseline",2,NA,"post_feedback",-1,-4,-4,1,1,4
"P049","supportive",1,4,"P049:loop4","challenging","PR",2,2,"child_behavior",0,-4,-4,1,2,5
"P049","supportive",1,4,"P049:loop4","challenging","PR",2,2,"self_handling",1,-3,-4,1,2,5
"P049","supportive",1,4,"P049:loop4","challenging","PR",2,2,"post_feedback",0,-4,-4,1,1,5
"P049","supportive",1,5,"P049:loop5","baseline","baseline",3,NA,"child_behavior",0,-2,-4,1,1,4
"P049","supportive",1,5,"P049:loop5","baseline","baseline",3,NA,"self_handling",2,-4,0,1,1,4
"P049","supportive",1,5,"P049:loop5","baseline","baseline",3,NA,"post_feedback",0,-2,-4,1,1,3
"P049","supportive",1,6,"P049:loop6","challenging","AR",3,3,"child_behavior",-4,4,-4,1,1,2
"P049","supportive",1,6,"P049:loop6","challenging","AR",3,3,"self_handling",4,4,-4,1,1,2
"P049","supportive",1,6,"P049:loop6","challenging","AR",3,3,"post_feedback",0,0,-4,1,1,3
"P050","neutral",1,1,"P050:loop1","baseline","baseline",1,NA,"child_behavior",2,-2,0,2,2,2
"P050","neutral",1,1,"P050:loop1","baseline","baseline",1,NA,"self_handling",2,-2,0,2,2,2
"P050","neutral",1,1,"P050:loop1","baseline","baseline",1,NA,"post_feedback",2,-2,0,1,1,1
"P050","neutral",1,2,"P050:loop2","challenging","NR",1,1,"child_behavior",0,0,2,2,2,1
"P050","neutral",1,2,"P050:loop2","challenging","NR",1,1,"self_handling",2,0,2,2,1,1
"P050","neutral",1,2,"P050:loop2","challenging","NR",1,1,"post_feedback",2,0,2,1,2,1
"P050","neutral",1,3,"P050:loop3","baseline","baseline",2,NA,"child_behavior",4,-2,2,1,1,1
"P050","neutral",1,3,"P050:loop3","baseline","baseline",2,NA,"self_handling",2,-2,2,1,1,1
"P050","neutral",1,3,"P050:loop3","baseline","baseline",2,NA,"post_feedback",2,-2,4,1,1,1
"P050","neutral",1,4,"P050:loop4","challenging","PR",2,2,"child_behavior",2,-2,4,1,2,1
"P050","neutral",1,4,"P050:loop4","challenging","PR",2,2,"self_handling",2,0,2,1,2,1
"P050","neutral",1,4,"P050:loop4","challenging","PR",2,2,"post_feedback",4,-4,4,1,1,1
"P050","neutral",1,5,"P050:loop5","baseline","baseline",3,NA,"child_behavior",4,-2,4,1,1,1
"P050","neutral",1,5,"P050:loop5","baseline","baseline",3,NA,"self_handling",4,-2,4,1,1,1
"P050","neutral",1,5,"P050:loop5","baseline","baseline",3,NA,"post_feedback",4,-4,4,1,1,1
"P050","neutral",1,6,"P050:loop6","challenging","AR",3,3,"child_behavior",2,-2,4,1,1,1
"P050","neutral",1,6,"P050:loop6","challenging","AR",3,3,"self_handling",4,-2,4,1,1,1
"P050","neutral",1,6,"P050:loop6","challenging","AR",3,3,"post_feedback",4,-2,4,1,1,1
"P051","supportive",2,1,"P051:loop1","baseline","baseline",1,NA,"child_behavior",-2,0,0,2,1,2
"P051","supportive",2,1,"P051:loop1","baseline","baseline",1,NA,"self_handling",2,2,2,1,1,1
"P051","supportive",2,1,"P051:loop1","baseline","baseline",1,NA,"post_feedback",2,2,2,2,1,1
"P051","supportive",2,2,"P051:loop2","challenging","AR",1,1,"child_behavior",2,2,2,2,1,1
"P051","supportive",2,2,"P051:loop2","challenging","AR",1,1,"self_handling",0,2,0,2,1,1
"P051","supportive",2,2,"P051:loop2","challenging","AR",1,1,"post_feedback",2,2,0,3,1,1
"P051","supportive",2,3,"P051:loop3","baseline","baseline",2,NA,"child_behavior",2,2,2,1,1,1
"P051","supportive",2,3,"P051:loop3","baseline","baseline",2,NA,"self_handling",2,2,2,1,1,1
"P051","supportive",2,3,"P051:loop3","baseline","baseline",2,NA,"post_feedback",2,2,2,1,1,1
"P051","supportive",2,4,"P051:loop4","challenging","NR",2,2,"child_behavior",-2,2,-2,2,1,1
"P051","supportive",2,4,"P051:loop4","challenging","NR",2,2,"self_handling",-2,2,-2,2,1,1
"P051","supportive",2,4,"P051:loop4","challenging","NR",2,2,"post_feedback",0,2,-2,2,1,1
"P051","supportive",2,5,"P051:loop5","baseline","baseline",3,NA,"child_behavior",4,2,2,1,1,1
"P051","supportive",2,5,"P051:loop5","baseline","baseline",3,NA,"self_handling",2,2,2,1,1,1
"P051","supportive",2,5,"P051:loop5","baseline","baseline",3,NA,"post_feedback",2,2,0,1,1,1
"P051","supportive",2,6,"P051:loop6","challenging","PR",3,3,"child_behavior",0,2,0,2,1,1
"P051","supportive",2,6,"P051:loop6","challenging","PR",3,3,"self_handling",0,0,-2,2,1,1
"P051","supportive",2,6,"P051:loop6","challenging","PR",3,3,"post_feedback",0,2,0,2,1,1
"P052","neutral",2,1,"P052:loop1","baseline","baseline",1,NA,"child_behavior",2,2,2,2,1,1
"P052","neutral",2,1,"P052:loop1","baseline","baseline",1,NA,"self_handling",-2,0,2,2,1,1
"P052","neutral",2,1,"P052:loop1","baseline","baseline",1,NA,"post_feedback",2,0,2,1,1,1
"P052","neutral",2,2,"P052:loop2","challenging","AR",1,1,"child_behavior",0,0,2,1,1,1
"P052","neutral",2,2,"P052:loop2","challenging","AR",1,1,"self_handling",-2,0,2,1,2,1
"P052","neutral",2,2,"P052:loop2","challenging","AR",1,1,"post_feedback",0,0,2,1,1,1
"P052","neutral",2,3,"P052:loop3","baseline","baseline",2,NA,"child_behavior",0,0,2,1,2,1
"P052","neutral",2,3,"P052:loop3","baseline","baseline",2,NA,"self_handling",0,0,2,1,2,1
"P052","neutral",2,3,"P052:loop3","baseline","baseline",2,NA,"post_feedback",0,0,4,1,1,1
"P052","neutral",2,4,"P052:loop4","challenging","NR",2,2,"child_behavior",-4,2,0,1,2,1
"P052","neutral",2,4,"P052:loop4","challenging","NR",2,2,"self_handling",0,0,2,1,1,1
"P052","neutral",2,4,"P052:loop4","challenging","NR",2,2,"post_feedback",-2,0,0,1,3,1
"P052","neutral",2,5,"P052:loop5","baseline","baseline",3,NA,"child_behavior",0,0,4,1,1,1
"P052","neutral",2,5,"P052:loop5","baseline","baseline",3,NA,"self_handling",0,0,4,1,1,1
"P052","neutral",2,5,"P052:loop5","baseline","baseline",3,NA,"post_feedback",0,0,0,1,1,1
"P052","neutral",2,6,"P052:loop6","challenging","PR",3,3,"child_behavior",0,0,4,1,1,1
"P052","neutral",2,6,"P052:loop6","challenging","PR",3,3,"self_handling",0,0,4,1,1,1
"P052","neutral",2,6,"P052:loop6","challenging","PR",3,3,"post_feedback",0,0,4,1,1,1
"P053","supportive",3,1,"P053:loop1","baseline","baseline",1,NA,"child_behavior",0,0,0,1,1,1
"P053","supportive",3,1,"P053:loop1","baseline","baseline",1,NA,"self_handling",0,0,0,1,1,1
"P053","supportive",3,1,"P053:loop1","baseline","baseline",1,NA,"post_feedback",2,0,0,1,1,1
"P053","supportive",3,2,"P053:loop2","challenging","PR",1,1,"child_behavior",0,0,0,3,2,1
"P053","supportive",3,2,"P053:loop2","challenging","PR",1,1,"self_handling",-2,0,0,3,2,1
"P053","supportive",3,2,"P053:loop2","challenging","PR",1,1,"post_feedback",0,0,0,2,1,1
"P053","supportive",3,3,"P053:loop3","baseline","baseline",2,NA,"child_behavior",0,0,0,2,1,1
"P053","supportive",3,3,"P053:loop3","baseline","baseline",2,NA,"self_handling",0,0,0,1,1,1
"P053","supportive",3,3,"P053:loop3","baseline","baseline",2,NA,"post_feedback",0,0,0,1,1,1
"P053","supportive",3,4,"P053:loop4","challenging","AR",2,2,"child_behavior",0,0,0,2,1,1
"P053","supportive",3,4,"P053:loop4","challenging","AR",2,2,"self_handling",0,0,0,2,1,1
"P053","supportive",3,4,"P053:loop4","challenging","AR",2,2,"post_feedback",0,0,0,2,1,1
"P053","supportive",3,5,"P053:loop5","baseline","baseline",3,NA,"child_behavior",0,0,0,1,1,1
"P053","supportive",3,5,"P053:loop5","baseline","baseline",3,NA,"self_handling",0,0,0,2,1,1
"P053","supportive",3,5,"P053:loop5","baseline","baseline",3,NA,"post_feedback",0,0,0,2,1,1
"P053","supportive",3,6,"P053:loop6","challenging","NR",3,3,"child_behavior",0,0,0,2,1,1
"P053","supportive",3,6,"P053:loop6","challenging","NR",3,3,"self_handling",0,0,0,2,1,1
"P053","supportive",3,6,"P053:loop6","challenging","NR",3,3,"post_feedback",0,0,0,1,1,1
"P054","neutral",3,1,"P054:loop1","baseline","baseline",1,NA,"child_behavior",2,2,4,3,1,2
"P054","neutral",3,1,"P054:loop1","baseline","baseline",1,NA,"self_handling",2,0,4,3,1,2
"P054","neutral",3,1,"P054:loop1","baseline","baseline",1,NA,"post_feedback",2,2,4,1,1,1
"P054","neutral",3,2,"P054:loop2","challenging","PR",1,1,"child_behavior",2,2,0,3,1,1
"P054","neutral",3,2,"P054:loop2","challenging","PR",1,1,"self_handling",2,2,0,3,1,1
"P054","neutral",3,2,"P054:loop2","challenging","PR",1,1,"post_feedback",2,2,4,1,1,1
"P054","neutral",3,3,"P054:loop3","baseline","baseline",2,NA,"child_behavior",2,2,4,1,1,1
"P054","neutral",3,3,"P054:loop3","baseline","baseline",2,NA,"self_handling",2,2,4,1,1,1
"P054","neutral",3,3,"P054:loop3","baseline","baseline",2,NA,"post_feedback",2,0,4,1,1,1
"P054","neutral",3,4,"P054:loop4","challenging","AR",2,2,"child_behavior",2,2,-2,3,1,1
"P054","neutral",3,4,"P054:loop4","challenging","AR",2,2,"self_handling",2,2,0,3,1,1
"P054","neutral",3,4,"P054:loop4","challenging","AR",2,2,"post_feedback",2,2,4,1,1,1
"P054","neutral",3,5,"P054:loop5","baseline","baseline",3,NA,"child_behavior",2,2,4,1,1,1
"P054","neutral",3,5,"P054:loop5","baseline","baseline",3,NA,"self_handling",2,2,4,1,1,1
"P054","neutral",3,5,"P054:loop5","baseline","baseline",3,NA,"post_feedback",2,2,4,1,1,1
"P054","neutral",3,6,"P054:loop6","challenging","NR",3,3,"child_behavior",-4,4,-2,1,4,1
"P054","neutral",3,6,"P054:loop6","challenging","NR",3,3,"self_handling",2,2,0,1,4,1
"P054","neutral",3,6,"P054:loop6","challenging","NR",3,3,"post_feedback",2,2,4,1,1,1
"P055","supportive",1,1,"P055:loop1","baseline","baseline",1,NA,"child_behavior",4,-4,4,1,1,1
"P055","supportive",1,1,"P055:loop1","baseline","baseline",1,NA,"self_handling",2,-4,2,2,1,1
"P055","supportive",1,1,"P055:loop1","baseline","baseline",1,NA,"post_feedback",4,-2,2,2,1,1
"P055","supportive",1,2,"P055:loop2","challenging","NR",1,1,"child_behavior",-2,-2,2,2,1,1
"P055","supportive",1,2,"P055:loop2","challenging","NR",1,1,"self_handling",2,-2,2,2,1,1
"P055","supportive",1,2,"P055:loop2","challenging","NR",1,1,"post_feedback",4,-2,2,1,1,1
"P055","supportive",1,3,"P055:loop3","baseline","baseline",2,NA,"child_behavior",4,-2,2,1,1,1
"P055","supportive",1,3,"P055:loop3","baseline","baseline",2,NA,"self_handling",4,-4,2,1,1,1
"P055","supportive",1,3,"P055:loop3","baseline","baseline",2,NA,"post_feedback",4,-4,2,1,1,1
"P055","supportive",1,4,"P055:loop4","challenging","PR",2,2,"child_behavior",0,-4,2,1,1,1
"P055","supportive",1,4,"P055:loop4","challenging","PR",2,2,"self_handling",2,-4,2,1,1,1
"P055","supportive",1,4,"P055:loop4","challenging","PR",2,2,"post_feedback",4,-4,4,1,1,1
"P055","supportive",1,5,"P055:loop5","baseline","baseline",3,NA,"child_behavior",4,-4,4,1,1,1
"P055","supportive",1,5,"P055:loop5","baseline","baseline",3,NA,"self_handling",4,-4,4,1,1,1
"P055","supportive",1,5,"P055:loop5","baseline","baseline",3,NA,"post_feedback",4,-4,4,1,1,1
"P055","supportive",1,6,"P055:loop6","challenging","AR",3,3,"child_behavior",2,-4,4,1,1,1
"P055","supportive",1,6,"P055:loop6","challenging","AR",3,3,"self_handling",4,-4,4,1,1,1
"P055","supportive",1,6,"P055:loop6","challenging","AR",3,3,"post_feedback",4,-4,4,1,1,1
"P057","supportive",2,1,"P057:loop1","baseline","baseline",1,NA,"child_behavior",0,2,2,2,1,1
"P057","supportive",2,1,"P057:loop1","baseline","baseline",1,NA,"self_handling",-2,2,0,2,1,1
"P057","supportive",2,1,"P057:loop1","baseline","baseline",1,NA,"post_feedback",2,-4,2,1,1,1
"P057","supportive",2,2,"P057:loop2","challenging","AR",1,1,"child_behavior",4,4,4,1,1,1
"P057","supportive",2,2,"P057:loop2","challenging","AR",1,1,"self_handling",4,4,4,1,1,1
"P057","supportive",2,2,"P057:loop2","challenging","AR",1,1,"post_feedback",4,0,4,1,1,1
"P057","supportive",2,3,"P057:loop3","baseline","baseline",2,NA,"child_behavior",4,4,4,1,1,1
"P057","supportive",2,3,"P057:loop3","baseline","baseline",2,NA,"self_handling",4,4,4,1,1,1
"P057","supportive",2,3,"P057:loop3","baseline","baseline",2,NA,"post_feedback",4,4,4,1,1,1
"P057","supportive",2,4,"P057:loop4","challenging","NR",2,2,"child_behavior",2,2,4,1,1,1
"P057","supportive",2,4,"P057:loop4","challenging","NR",2,2,"self_handling",2,2,4,1,1,1
"P057","supportive",2,4,"P057:loop4","challenging","NR",2,2,"post_feedback",4,4,4,1,1,1
"P057","supportive",2,5,"P057:loop5","baseline","baseline",3,NA,"child_behavior",4,4,4,1,1,1
"P057","supportive",2,5,"P057:loop5","baseline","baseline",3,NA,"self_handling",4,4,4,1,1,1
"P057","supportive",2,5,"P057:loop5","baseline","baseline",3,NA,"post_feedback",4,4,4,1,1,1
"P057","supportive",2,6,"P057:loop6","challenging","PR",3,3,"child_behavior",4,4,4,1,1,1
"P057","supportive",2,6,"P057:loop6","challenging","PR",3,3,"self_handling",2,4,4,1,1,1
"P057","supportive",2,6,"P057:loop6","challenging","PR",3,3,"post_feedback",4,4,4,1,1,1
"P058","neutral",2,1,"P058:loop1","baseline","baseline",1,NA,"child_behavior",2,0,1,4,3,1
"P058","neutral",2,1,"P058:loop1","baseline","baseline",1,NA,"self_handling",0,0,-3,4,3,2
"P058","neutral",2,1,"P058:loop1","baseline","baseline",1,NA,"post_feedback",-1,1,-4,5,3,2
"P058","neutral",2,2,"P058:loop2","challenging","AR",1,1,"child_behavior",-1,2,0,4,3,1
"P058","neutral",2,2,"P058:loop2","challenging","AR",1,1,"self_handling",2,1,2,3,3,1
"P058","neutral",2,2,"P058:loop2","challenging","AR",1,1,"post_feedback",1,0,-1,4,3,3
"P058","neutral",2,3,"P058:loop3","baseline","baseline",2,NA,"child_behavior",2,-1,2,1,1,2
"P058","neutral",2,3,"P058:loop3","baseline","baseline",2,NA,"self_handling",2,0,1,1,1,2
"P058","neutral",2,3,"P058:loop3","baseline","baseline",2,NA,"post_feedback",1,0,0,3,2,3
"P058","neutral",2,4,"P058:loop4","challenging","NR",2,2,"child_behavior",-1,3,-1,4,3,1
"P058","neutral",2,4,"P058:loop4","challenging","NR",2,2,"self_handling",0,0,-1,5,3,1
"P058","neutral",2,4,"P058:loop4","challenging","NR",2,2,"post_feedback",-1,-1,-2,4,5,1
"P058","neutral",2,5,"P058:loop5","baseline","baseline",3,NA,"child_behavior",2,-1,2,2,1,1
"P058","neutral",2,5,"P058:loop5","baseline","baseline",3,NA,"self_handling",1,1,1,2,2,2
"P058","neutral",2,5,"P058:loop5","baseline","baseline",3,NA,"post_feedback",2,-1,1,2,1,2
"P058","neutral",2,6,"P058:loop6","challenging","PR",3,3,"child_behavior",-1,2,0,3,3,1
"P058","neutral",2,6,"P058:loop6","challenging","PR",3,3,"self_handling",1,0,2,3,2,1
"P058","neutral",2,6,"P058:loop6","challenging","PR",3,3,"post_feedback",0,0,1,2,2,3
"P059","supportive",3,1,"P059:loop1","baseline","baseline",1,NA,"child_behavior",0,0,-2,4,2,3
"P059","supportive",3,1,"P059:loop1","baseline","baseline",1,NA,"self_handling",0,0,-3,4,2,3
"P059","supportive",3,1,"P059:loop1","baseline","baseline",1,NA,"post_feedback",0,0,0,2,2,3
"P059","supportive",3,2,"P059:loop2","challenging","PR",1,1,"child_behavior",-4,3,-4,5,5,3
"P059","supportive",3,2,"P059:loop2","challenging","PR",1,1,"self_handling",-4,0,-4,5,5,3
"P059","supportive",3,2,"P059:loop2","challenging","PR",1,1,"post_feedback",4,0,0,1,1,3
"P059","supportive",3,3,"P059:loop3","baseline","baseline",2,NA,"child_behavior",4,0,4,1,1,1
"P059","supportive",3,3,"P059:loop3","baseline","baseline",2,NA,"self_handling",4,0,4,1,1,1
"P059","supportive",3,3,"P059:loop3","baseline","baseline",2,NA,"post_feedback",4,0,4,1,1,1
"P059","supportive",3,4,"P059:loop4","challenging","AR",2,2,"child_behavior",-2,-2,-2,3,3,3
"P059","supportive",3,4,"P059:loop4","challenging","AR",2,2,"self_handling",-3,0,-3,3,3,3
"P059","supportive",3,4,"P059:loop4","challenging","AR",2,2,"post_feedback",4,-3,4,1,1,3
"P059","supportive",3,5,"P059:loop5","baseline","baseline",3,NA,"child_behavior",4,0,4,1,1,3
"P059","supportive",3,5,"P059:loop5","baseline","baseline",3,NA,"self_handling",4,0,4,1,1,3
"P059","supportive",3,5,"P059:loop5","baseline","baseline",3,NA,"post_feedback",4,4,4,1,1,1
"P059","supportive",3,6,"P059:loop6","challenging","NR",3,3,"child_behavior",4,0,4,2,2,2
"P059","supportive",3,6,"P059:loop6","challenging","NR",3,3,"self_handling",4,0,4,1,1,3
"P059","supportive",3,6,"P059:loop6","challenging","NR",3,3,"post_feedback",4,4,4,1,1,1
"P060","neutral",3,1,"P060:loop1","baseline","baseline",1,NA,"child_behavior",3,2,3,1,1,1
"P060","neutral",3,1,"P060:loop1","baseline","baseline",1,NA,"self_handling",4,3,4,1,1,1
"P060","neutral",3,1,"P060:loop1","baseline","baseline",1,NA,"post_feedback",3,2,3,1,1,1
"P060","neutral",3,2,"P060:loop2","challenging","PR",1,1,"child_behavior",-1,2,1,2,1,1
"P060","neutral",3,2,"P060:loop2","challenging","PR",1,1,"self_handling",3,2,1,1,1,1
"P060","neutral",3,2,"P060:loop2","challenging","PR",1,1,"post_feedback",4,0,2,1,1,1
"P060","neutral",3,3,"P060:loop3","baseline","baseline",2,NA,"child_behavior",4,0,3,1,1,1
"P060","neutral",3,3,"P060:loop3","baseline","baseline",2,NA,"self_handling",4,0,3,1,1,1
"P060","neutral",3,3,"P060:loop3","baseline","baseline",2,NA,"post_feedback",4,0,3,1,1,1
"P060","neutral",3,4,"P060:loop4","challenging","AR",2,2,"child_behavior",1,2,1,2,1,1
"P060","neutral",3,4,"P060:loop4","challenging","AR",2,2,"self_handling",1,0,0,3,1,1
"P060","neutral",3,4,"P060:loop4","challenging","AR",2,2,"post_feedback",4,0,2,1,1,1
"P060","neutral",3,5,"P060:loop5","baseline","baseline",3,NA,"child_behavior",4,0,3,1,1,1
"P060","neutral",3,5,"P060:loop5","baseline","baseline",3,NA,"self_handling",4,0,3,1,1,1
"P060","neutral",3,5,"P060:loop5","baseline","baseline",3,NA,"post_feedback",4,0,3,1,1,1
"P060","neutral",3,6,"P060:loop6","challenging","NR",3,3,"child_behavior",-2,3,1,1,1,1
"P060","neutral",3,6,"P060:loop6","challenging","NR",3,3,"self_handling",4,2,3,1,1,1
"P060","neutral",3,6,"P060:loop6","challenging","NR",3,3,"post_feedback",4,0,0,1,1,1
"P061","neutral",1,1,"P061:loop1","baseline","baseline",1,NA,"child_behavior",2,2,0,2,2,1
"P061","neutral",1,1,"P061:loop1","baseline","baseline",1,NA,"self_handling",-1,0,0,3,2,1
"P061","neutral",1,1,"P061:loop1","baseline","baseline",1,NA,"post_feedback",3,2,-1,3,2,1
"P061","neutral",1,2,"P061:loop2","challenging","NR",1,1,"child_behavior",0,2,0,1,1,1
"P061","neutral",1,2,"P061:loop2","challenging","NR",1,1,"self_handling",2,2,1,2,1,1
"P061","neutral",1,2,"P061:loop2","challenging","NR",1,1,"post_feedback",3,2,1,1,1,1
"P061","neutral",1,3,"P061:loop3","baseline","baseline",2,NA,"child_behavior",3,2,2,1,1,1
"P061","neutral",1,3,"P061:loop3","baseline","baseline",2,NA,"self_handling",3,3,3,1,1,1
"P061","neutral",1,3,"P061:loop3","baseline","baseline",2,NA,"post_feedback",3,3,3,1,1,1
"P061","neutral",1,4,"P061:loop4","challenging","PR",2,2,"child_behavior",3,3,2,1,1,1
"P061","neutral",1,4,"P061:loop4","challenging","PR",2,2,"self_handling",3,3,2,1,1,1
"P061","neutral",1,4,"P061:loop4","challenging","PR",2,2,"post_feedback",2,2,2,2,2,1
"P061","neutral",1,5,"P061:loop5","baseline","baseline",3,NA,"child_behavior",3,3,3,2,2,1
"P061","neutral",1,5,"P061:loop5","baseline","baseline",3,NA,"self_handling",-3,0,-1,2,2,1
"P061","neutral",1,5,"P061:loop5","baseline","baseline",3,NA,"post_feedback",1,1,0,3,2,1
"P061","neutral",1,6,"P061:loop6","challenging","AR",3,3,"child_behavior",3,3,3,1,1,1
"P061","neutral",1,6,"P061:loop6","challenging","AR",3,3,"self_handling",4,4,3,1,1,1
"P061","neutral",1,6,"P061:loop6","challenging","AR",3,3,"post_feedback",4,3,3,1,1,1
"P062","neutral",2,1,"P062:loop1","baseline","baseline",1,NA,"child_behavior",4,-1,4,1,1,1
"P062","neutral",2,1,"P062:loop1","baseline","baseline",1,NA,"self_handling",4,0,4,1,1,1
"P062","neutral",2,1,"P062:loop1","baseline","baseline",1,NA,"post_feedback",4,0,4,1,1,1
"P062","neutral",2,2,"P062:loop2","challenging","AR",1,1,"child_behavior",4,0,4,1,1,1
"P062","neutral",2,2,"P062:loop2","challenging","AR",1,1,"self_handling",4,0,3,1,1,1
"P062","neutral",2,2,"P062:loop2","challenging","AR",1,1,"post_feedback",4,0,4,1,1,1
"P062","neutral",2,3,"P062:loop3","baseline","baseline",2,NA,"child_behavior",4,0,3,3,1,1
"P062","neutral",2,3,"P062:loop3","baseline","baseline",2,NA,"self_handling",0,0,1,3,1,1
"P062","neutral",2,3,"P062:loop3","baseline","baseline",2,NA,"post_feedback",4,0,4,2,1,1
"P062","neutral",2,4,"P062:loop4","challenging","NR",2,2,"child_behavior",0,0,4,1,1,1
"P062","neutral",2,4,"P062:loop4","challenging","NR",2,2,"self_handling",4,0,4,1,1,1
"P062","neutral",2,4,"P062:loop4","challenging","NR",2,2,"post_feedback",4,0,4,1,1,1
"P062","neutral",2,5,"P062:loop5","baseline","baseline",3,NA,"child_behavior",4,0,4,1,1,1
"P062","neutral",2,5,"P062:loop5","baseline","baseline",3,NA,"self_handling",4,0,4,1,1,1
"P062","neutral",2,5,"P062:loop5","baseline","baseline",3,NA,"post_feedback",4,0,4,1,1,1
"P062","neutral",2,6,"P062:loop6","challenging","PR",3,3,"child_behavior",0,0,4,1,1,1
"P062","neutral",2,6,"P062:loop6","challenging","PR",3,3,"self_handling",4,0,4,1,1,1
"P062","neutral",2,6,"P062:loop6","challenging","PR",3,3,"post_feedback",4,0,2,1,1,1
"P063","supportive",1,1,"P063:loop1","baseline","baseline",1,NA,"child_behavior",2,2,2,1,1,1
"P063","supportive",1,1,"P063:loop1","baseline","baseline",1,NA,"self_handling",2,2,2,1,1,1
"P063","supportive",1,1,"P063:loop1","baseline","baseline",1,NA,"post_feedback",2,2,2,1,1,1
"P063","supportive",1,2,"P063:loop2","challenging","NR",1,1,"child_behavior",0,2,0,1,2,1
"P063","supportive",1,2,"P063:loop2","challenging","NR",1,1,"self_handling",2,2,2,1,2,1
"P063","supportive",1,2,"P063:loop2","challenging","NR",1,1,"post_feedback",0,2,0,4,2,1
"P063","supportive",1,3,"P063:loop3","baseline","baseline",2,NA,"child_behavior",4,2,4,1,1,1
"P063","supportive",1,3,"P063:loop3","baseline","baseline",2,NA,"self_handling",4,2,4,1,1,1
"P063","supportive",1,3,"P063:loop3","baseline","baseline",2,NA,"post_feedback",4,0,4,1,1,1
"P063","supportive",1,4,"P063:loop4","challenging","PR",2,2,"child_behavior",2,2,2,1,2,1
"P063","supportive",1,4,"P063:loop4","challenging","PR",2,2,"self_handling",2,2,2,3,2,1
"P063","supportive",1,4,"P063:loop4","challenging","PR",2,2,"post_feedback",2,2,4,1,1,1
"P063","supportive",1,5,"P063:loop5","baseline","baseline",3,NA,"child_behavior",4,2,4,1,1,1
"P063","supportive",1,5,"P063:loop5","baseline","baseline",3,NA,"self_handling",4,4,4,1,1,1
"P063","supportive",1,5,"P063:loop5","baseline","baseline",3,NA,"post_feedback",2,0,2,1,1,2
"P063","supportive",1,6,"P063:loop6","challenging","AR",3,3,"child_behavior",2,2,1,2,2,1
"P063","supportive",1,6,"P063:loop6","challenging","AR",3,3,"self_handling",2,1,1,2,1,1
"P063","supportive",1,6,"P063:loop6","challenging","AR",3,3,"post_feedback",0,0,1,2,2,1
"P064","neutral",1,1,"P064:loop1","baseline","baseline",1,NA,"child_behavior",4,-4,4,1,1,1
"P064","neutral",1,1,"P064:loop1","baseline","baseline",1,NA,"self_handling",4,-4,0,1,2,1
"P064","neutral",1,1,"P064:loop1","baseline","baseline",1,NA,"post_feedback",4,-4,-2,5,1,1
"P064","neutral",1,2,"P064:loop2","challenging","NR",1,1,"child_behavior",4,-4,-2,5,1,1
"P064","neutral",1,2,"P064:loop2","challenging","NR",1,1,"self_handling",4,-4,-1,5,1,1
"P064","neutral",1,2,"P064:loop2","challenging","NR",1,1,"post_feedback",-1,0,-2,5,2,1
"P064","neutral",1,3,"P064:loop3","baseline","baseline",2,NA,"child_behavior",4,-4,4,1,1,1
"P064","neutral",1,3,"P064:loop3","baseline","baseline",2,NA,"self_handling",4,-4,4,1,1,1
"P064","neutral",1,3,"P064:loop3","baseline","baseline",2,NA,"post_feedback",4,-4,4,1,1,1
"P064","neutral",1,4,"P064:loop4","challenging","PR",2,2,"child_behavior",4,-1,4,3,1,1
"P064","neutral",1,4,"P064:loop4","challenging","PR",2,2,"self_handling",4,-4,1,1,1,1
"P064","neutral",1,4,"P064:loop4","challenging","PR",2,2,"post_feedback",4,-4,0,2,1,1
"P064","neutral",1,5,"P064:loop5","baseline","baseline",3,NA,"child_behavior",4,-4,4,1,1,1
"P064","neutral",1,5,"P064:loop5","baseline","baseline",3,NA,"self_handling",4,-4,4,1,1,1
"P064","neutral",1,5,"P064:loop5","baseline","baseline",3,NA,"post_feedback",4,-4,4,1,1,1
"P064","neutral",1,6,"P064:loop6","challenging","AR",3,3,"child_behavior",4,-4,4,1,1,1
"P064","neutral",1,6,"P064:loop6","challenging","AR",3,3,"self_handling",4,-4,4,1,1,1
"P064","neutral",1,6,"P064:loop6","challenging","AR",3,3,"post_feedback",4,-4,4,1,1,1
"P065","supportive",2,1,"P065:loop1","baseline","baseline",1,NA,"child_behavior",4,-3,3,2,1,1
"P065","supportive",2,1,"P065:loop1","baseline","baseline",1,NA,"self_handling",3,-3,4,1,1,1
"P065","supportive",2,1,"P065:loop1","baseline","baseline",1,NA,"post_feedback",4,-4,4,1,1,1
"P065","supportive",2,2,"P065:loop2","challenging","AR",1,1,"child_behavior",3,-3,3,3,1,1
"P065","supportive",2,2,"P065:loop2","challenging","AR",1,1,"self_handling",2,-3,2,3,1,1
"P065","supportive",2,2,"P065:loop2","challenging","AR",1,1,"post_feedback",4,-3,2,1,1,1
"P065","supportive",2,3,"P065:loop3","baseline","baseline",2,NA,"child_behavior",4,-4,4,1,1,1
"P065","supportive",2,3,"P065:loop3","baseline","baseline",2,NA,"self_handling",4,-4,4,1,1,1
"P065","supportive",2,3,"P065:loop3","baseline","baseline",2,NA,"post_feedback",4,-4,4,1,1,1
"P065","supportive",2,4,"P065:loop4","challenging","NR",2,2,"child_behavior",3,-4,4,1,1,1
"P065","supportive",2,4,"P065:loop4","challenging","NR",2,2,"self_handling",4,-3,4,1,1,1
"P065","supportive",2,4,"P065:loop4","challenging","NR",2,2,"post_feedback",4,-3,4,1,1,1
"P065","supportive",2,5,"P065:loop5","baseline","baseline",3,NA,"child_behavior",4,-4,4,1,1,1
"P065","supportive",2,5,"P065:loop5","baseline","baseline",3,NA,"self_handling",4,-4,4,1,1,1
"P065","supportive",2,5,"P065:loop5","baseline","baseline",3,NA,"post_feedback",4,-4,4,1,1,1
"P065","supportive",2,6,"P065:loop6","challenging","PR",3,3,"child_behavior",4,-4,4,1,1,1
"P065","supportive",2,6,"P065:loop6","challenging","PR",3,3,"self_handling",4,-4,4,1,1,1
"P065","supportive",2,6,"P065:loop6","challenging","PR",3,3,"post_feedback",4,-4,4,1,1,1
"P066","neutral",2,1,"P066:loop1","baseline","baseline",1,NA,"child_behavior",4,4,4,1,1,1
"P066","neutral",2,1,"P066:loop1","baseline","baseline",1,NA,"self_handling",4,4,4,1,1,1
"P066","neutral",2,1,"P066:loop1","baseline","baseline",1,NA,"post_feedback",4,4,4,3,1,1
"P066","neutral",2,2,"P066:loop2","challenging","AR",1,1,"child_behavior",-2,4,-2,5,1,1
"P066","neutral",2,2,"P066:loop2","challenging","AR",1,1,"self_handling",2,4,0,5,1,1
"P066","neutral",2,2,"P066:loop2","challenging","AR",1,1,"post_feedback",0,-2,-1,5,1,1
"P066","neutral",2,3,"P066:loop3","baseline","baseline",2,NA,"child_behavior",4,4,4,2,1,1
"P066","neutral",2,3,"P066:loop3","baseline","baseline",2,NA,"self_handling",-1,-2,1,3,1,1
"P066","neutral",2,3,"P066:loop3","baseline","baseline",2,NA,"post_feedback",4,4,4,1,1,1
"P066","neutral",2,4,"P066:loop4","challenging","NR",2,2,"child_behavior",-4,4,-2,3,2,1
"P066","neutral",2,4,"P066:loop4","challenging","NR",2,2,"self_handling",0,1,-1,3,1,1
"P066","neutral",2,4,"P066:loop4","challenging","NR",2,2,"post_feedback",0,-2,-1,1,2,1
"P066","neutral",2,5,"P066:loop5","baseline","baseline",3,NA,"child_behavior",4,4,4,1,1,1
"P066","neutral",2,5,"P066:loop5","baseline","baseline",3,NA,"self_handling",4,4,4,1,1,1
"P066","neutral",2,5,"P066:loop5","baseline","baseline",3,NA,"post_feedback",4,4,4,1,1,1
"P066","neutral",2,6,"P066:loop6","challenging","PR",3,3,"child_behavior",4,4,4,2,1,1
"P066","neutral",2,6,"P066:loop6","challenging","PR",3,3,"self_handling",4,4,4,2,1,1
"P066","neutral",2,6,"P066:loop6","challenging","PR",3,3,"post_feedback",4,4,4,1,1,1
"P067","supportive",3,1,"P067:loop1","baseline","baseline",1,NA,"child_behavior",0,0,2,1,1,1
"P067","supportive",3,1,"P067:loop1","baseline","baseline",1,NA,"self_handling",0,-1,1,2,1,1
"P067","supportive",3,1,"P067:loop1","baseline","baseline",1,NA,"post_feedback",1,1,2,1,1,1
"P067","supportive",3,2,"P067:loop2","challenging","PR",1,1,"child_behavior",-1,2,1,2,2,1
"P067","supportive",3,2,"P067:loop2","challenging","PR",1,1,"self_handling",1,1,2,2,1,1
"P067","supportive",3,2,"P067:loop2","challenging","PR",1,1,"post_feedback",1,1,2,1,1,2
"P067","supportive",3,3,"P067:loop3","baseline","baseline",2,NA,"child_behavior",2,1,2,1,1,2
"P067","supportive",3,3,"P067:loop3","baseline","baseline",2,NA,"self_handling",2,1,2,1,1,2
"P067","supportive",3,3,"P067:loop3","baseline","baseline",2,NA,"post_feedback",1,1,2,1,1,1
"P067","supportive",3,4,"P067:loop4","challenging","AR",2,2,"child_behavior",-1,2,0,1,2,1
"P067","supportive",3,4,"P067:loop4","challenging","AR",2,2,"self_handling",-1,-1,0,3,2,1
"P067","supportive",3,4,"P067:loop4","challenging","AR",2,2,"post_feedback",0,0,1,1,1,2
"P067","supportive",3,5,"P067:loop5","baseline","baseline",3,NA,"child_behavior",2,1,3,1,1,1
"P067","supportive",3,5,"P067:loop5","baseline","baseline",3,NA,"self_handling",2,1,2,1,1,2
"P067","supportive",3,5,"P067:loop5","baseline","baseline",3,NA,"post_feedback",2,1,2,1,1,3
"P067","supportive",3,6,"P067:loop6","challenging","NR",3,3,"child_behavior",1,4,1,2,3,1
"P067","supportive",3,6,"P067:loop6","challenging","NR",3,3,"self_handling",2,2,2,2,2,1
"P067","supportive",3,6,"P067:loop6","challenging","NR",3,3,"post_feedback",2,2,2,1,1,1
"P068","neutral",3,1,"P068:loop1","baseline","baseline",1,NA,"child_behavior",2,2,2,1,1,1
"P068","neutral",3,1,"P068:loop1","baseline","baseline",1,NA,"self_handling",2,2,2,1,1,1
"P068","neutral",3,1,"P068:loop1","baseline","baseline",1,NA,"post_feedback",2,2,2,1,1,1
"P068","neutral",3,2,"P068:loop2","challenging","PR",1,1,"child_behavior",2,2,2,3,1,1
"P068","neutral",3,2,"P068:loop2","challenging","PR",1,1,"self_handling",2,2,2,3,1,1
"P068","neutral",3,2,"P068:loop2","challenging","PR",1,1,"post_feedback",2,2,2,3,1,1
"P068","neutral",3,3,"P068:loop3","baseline","baseline",2,NA,"child_behavior",4,4,4,1,1,1
"P068","neutral",3,3,"P068:loop3","baseline","baseline",2,NA,"self_handling",4,4,4,1,1,1
"P068","neutral",3,3,"P068:loop3","baseline","baseline",2,NA,"post_feedback",4,4,4,3,1,1
"P068","neutral",3,4,"P068:loop4","challenging","AR",2,2,"child_behavior",4,4,4,1,1,1
"P068","neutral",3,4,"P068:loop4","challenging","AR",2,2,"self_handling",4,4,4,1,1,1
"P068","neutral",3,4,"P068:loop4","challenging","AR",2,2,"post_feedback",4,4,4,1,1,1
"P068","neutral",3,5,"P068:loop5","baseline","baseline",3,NA,"child_behavior",4,4,4,1,1,1
"P068","neutral",3,5,"P068:loop5","baseline","baseline",3,NA,"self_handling",4,4,4,1,1,1
"P068","neutral",3,5,"P068:loop5","baseline","baseline",3,NA,"post_feedback",4,4,4,1,1,1
"P068","neutral",3,6,"P068:loop6","challenging","NR",3,3,"child_behavior",4,4,4,1,1,1
"P068","neutral",3,6,"P068:loop6","challenging","NR",3,3,"self_handling",4,4,4,1,1,1
"P068","neutral",3,6,"P068:loop6","challenging","NR",3,3,"post_feedback",4,4,4,1,1,1
